#,Gene,Origin,Mutation,Pathogenicity,DNA Change,Expected RNA | Protein Consequence,Coding/Non-Coding,Genomic Region,Neuropathology,Biological Effect,Primary Papers
1,PSEN1,Sun et al.,R35Q,AD : Benign,Substitution,Substitution | Missense,Coding,Exon 4,Unknown.,AÎ² profile very similar to wildtype PSEN1 in cell-based assays.,"Rogaeva et al., 2001"
2,PSEN1,Sun et al.,A79V,AD : Likely Pathogenic,Substitution,Substitution | Missense,Coding,Exon 4,Neuropathology consistent with AD.,"IncreasedÂ  the AÎ²42/AÎ²40 ratio, and decreased the AÎ² (37 + 38 + 40) / (42 + 43) and AÎ²37/AÎ²42 ratios in cells. Also, altered transcriptomic profiles in carrier brains and iPSC-derived neurons.","Cruts et al., 1998"
3,PSEN1,Sun et al.,V82L,AD : Likely Pathogenic,Substitution,Substitution | Missense,Coding,Exon 4,Unknown.,"Results were mixed. Although all indicated little or no change in AÎ²42/AÎ²40, one assay showed a robust increase in AÎ²43 and a decrease in AÎ²37, with a decreased AÎ²37/AÎ²42 ratio.","Campion et al., 1995"
4,PSEN1,Sun et al.,L85P,"AD : Pathogenic, Corticobasal Syndrome : Not Classified",Substitution,Substitution | Missense,Coding,Exon 4,Neuropathological examination was not available. SPECT and PET showed bilateral hypoperfusion and hypometabolism in the occipital and temporal lobes.,"Increased AÎ²42/AÎ²40 ratio; increased AÎ²42 in transfected cells. In vitro, decreased AÎ²42 production and abrogated AÎ²40 production.","Ataka et al., 2004"
5,PSEN1,Sun et al.,V89L,AD : Pathogenic,Substitution,Substitution | Missense,Coding,Exon 4,"Neurofibrillary tangles and neuritic plaques with dystrophic neurites corresponding to stage VI of Braak and Braak. Plaques abundant in the hippocampus, amygdala, and neocortex. Tangles abundant in the neocortex and hippocampus. Some amyloid angiopathy in cortical vessels. Moderate cortical atrophy and enlarged ventricles.",Decreased AÎ²40 and AÎ²42 production; increased AÎ²42/AÎ²40 ratio in vitro.,"Queralt et al., 2002"
6,PSEN1,Sun et al.,C92S,AD : Pathogenic,Substitution,Substitution | Missense,Coding,Exon 4,Unknown.,"Increased AÎ²42/AÎ²40 ratio, and AÎ²42 and AÎ²43 secretion in cells. Reduced AÎ²37/AÎ²42 ratio.","Tedde et al., 2003"
7,PSEN1,Sun et al.,V94M,AD : Uncertain Significance,Substitution,Substitution | Missense,Coding,Exon 4,Unknown.,Decreased AÎ²42 and AÎ²40 production; AÎ²42/AÎ²40 and AÎ²37/AÎ²42 ratios similar to controls.,"Arango et al., 2001"
8,PSEN1,Sun et al.,V96F,AD : Pathogenic,Substitution,Substitution | Missense,Coding,Exon 4,"Unknown, but MRI in two cases showed brain volume loss, particularly in the hippocampus.","In cultured cells, increased AÎ²42/AÎ²40 ratio and decreased AÎ²37/AÎ²42 ratio. Inhibited endopeptidase activity.","Kamino et al., 1996"
9,PSEN1,Sun et al.,V97L,AD : Pathogenic,Substitution,Substitution | Missense,Coding,Exon 4,"Unknown; MRI from two mutation carriers showed enlarged lateral ventricles and atrophy of the cerebral cortex, especially the temporal lobes.","MIxed experimental results, but a detailed analysis of AÎ² peptide production in cells indicated a deleterious effect with a decrease in the AÎ²37/AÎ²42 ratio. Alterations of other cellular functions were also reported.","Jia et al., 2005"
10,PSEN1,Sun et al.,T99A,AD : Likely Pathogenic,Substitution,Substitution | Missense,Coding,Exon 4,"Unknown, but MRI showed atrophy of the parietal and frontal lobes.","Three different assays yielded mixed results, but all suggested deleterious effects, including increased AÎ²42/AÎ²40 and decreased AÎ²37/AÎ²42 ratios.","Ikeda et al., 2013"
11,PSEN1,Sun et al.,F105I,AD : Pathogenic,Substitution,Substitution | Missense,Coding,Exon 4,Unknown.,"Increased AÎ²42/40 ratio and decreased AÎ²37/40, AÎ²37/42, and AÎ²38/42 ratios in cells, indicating reduced Î³-processivity. Also reduced total AÎ² secretion.","Raux et al., 2005"
12,PSEN1,Sun et al.,R108Q,AD : Uncertain Significance,Substitution,Substitution | Missense,Coding,Exon 4,Unknown.,"In cell assay, increased AÎ²42 and AÎ²40; in isolated protein assay, decreased AÎ²42 production and undetectable AÎ²40 production.","Dobricic et al., 2012"
13,PSEN1,Sun et al.,L113Q,AD : Pathogenic,Substitution,Substitution | Missense,Coding,Exon 4,Neuritic plaques (Braak stage C); Neurofibrillary tangles (stage VI); Severe amyloid angiopathy.,Decreased AÎ²40 production in vitro; increased AÎ²42/AÎ²40 ratio.,"Finckh et al., 2005"
14,PSEN1,Sun et al.,Y115H,AD : Pathogenic,Substitution,Substitution | Missense,Coding,Exon 5,Neuropathology consistent with AD.,"Increased AÎ²42/AÎ²40, decreased AÎ² (37 + 38 + 40) / (42 + 43) and AÎ²37/AÎ²42 in cells and in vitro, indicating reduced Î³-processivity. Suppressed AÎ² production by wild-type PSEN1.","Campion et al., 1995"
15,PSEN1,Sun et al.,T116N,AD : Pathogenic,Substitution,Substitution | Missense,Coding,Exon 5,Neuropathology consistent with AD.,"Increased AÎ²42/40 ratio and decreased AÎ²37/40, AÎ²37/42, and AÎ²38/42 ratios in cells and in vitro for AÎ²42/40 ratio, indicating reduced Î³-processivity. It also reduced total AÎ² secretion in cells and production in vitro.","Romero et al., 1999"
16,PSEN1,Sun et al.,P117A,AD : Pathogenic,Substitution,Substitution | Missense,Coding,Exon 5,Unknown.,"Increased AÎ²42/40 and AÎ²42/AÎ² total ratios and decreased AÎ²37/40, AÎ²37/42, and AÎ²38/42 ratios.","Anheim et al., 2007"
17,PSEN1,Sun et al.,E120D,AD : Pathogenic,Substitution,Substitution | Missense,Coding,Exon 5,Neuropathology consistent with AD.,"Increased AÎ²42/40 ratio and decreased AÎ²37/40, AÎ²37/42, and AÎ²38/42 ratios in cells, indicating reduced Î³-processivity. It also reduced total AÎ² secretion. In vitro, decreased AÎ²42, and particularly AÎ²40, production.","Poorkaj et al., 1998"
18,PSEN1,Sun et al.,E120K,AD : Pathogenic,Substitution,Substitution | Missense,Coding,Exon 5,Neuropathology consistent with AD.,"Increased AÎ²42/40 ratio in cells and in vitro. In cells, also increased AÎ²42/AÎ² total ratio and decreased AÎ²37/40, AÎ²37/42, and AÎ²38/42 ratios. In vitro, reduced AÎ²40 and AÎ²42 production. Cell data suggest reduced Î³-processivity.","Hutton et al., 1996"
19,PSEN1,Sun et al.,E123K,AD : Uncertain Significance,Substitution,Substitution | Missense,Coding,Exon 5,"Unknown, but in 2 cases, MRI showed atrophy in the medial temporal lobes, and PET showed hypoperfusion in the temporal and parietal lobes.","In cells, effects on AICD, AÎ²38, AÎ²40, and AÎ²42 were minimal, but increased AÎ²43; in vitro, decreased AÎ²40 and AÎ²42 production, and elevated AÎ²42/AÎ²40 ratio.","Yasuda et al., 1999"
20,PSEN1,Sun et al.,H131R,AD : Likely Pathogenic,Substitution,Substitution | Missense,Coding,Exon 5,"Unknown, but PiB-PET showed extensive cortical and striatal amyloid deposition in one patient. Also, FDG-PET showed hypometabolism in precuneus and bilateral temporo-parietal region and reduced blood flow in parietal and temporal lobes. In two patients, MRI showed parietal and temporal atrophy.","Increased AÎ²42/AÎ²40 ratio in vitro. Also, abrogated pH-sensitivity of AÎ² peptide generation in vitro. In silico algorithms predicted benign (Polyphen) and damaging (SIFT).","Ikeda et al., 2013"
21,PSEN1,Sun et al.,L134R,AD : Likely Pathogenic,Substitution,Substitution | Missense,Coding,Exon 5,Unknown; MRI of the Turkish proband showed atrophy of the cerebrum and cerebellum.,Increased AÎ²42/AÎ²40 and decreased AÎ²37/AÎ²42 in cell-based assay.,"Lohmann et al., 2012"
22,PSEN1,Sun et al.,N135D,AD : Pathogenic,Substitution,Substitution | Missense,Coding,Exon 5,Brain biopsy showed mild loss of neurons and secondary gliosis with multiple neuritic plaques and abundant neurofibrillary tangles.,Increased AÎ²42/AÎ²40 ratio in cell lines and in vitro; increases intracellular and secreted AÎ²42 and decreases AÎ²40 in cells; reduces both AÎ²42 and AÎ²40 production in vitro.,"Crook et al., 1997"
23,PSEN1,Sun et al.,A136G,AD : Likely Pathogenic,Substitution,Substitution | Missense,Coding,Exon 5,,"In vitro assays showed a moderate decrease in both AÎ²40 and AÎ²42 production, with the AÎ²42/AÎ²40 ratio remaining roughly similar to wildtype. Neuroblastoma cells carrying the mutation showed enhanced sensitivity to trophic withdrawal. Also, the mutation enhanced PSEN1 cleavage of ER calcium sensor STIM1, resulting in dendritic spine disruption.","Xu et al., 2002"
24,PSEN1,Sun et al.,M139V,AD : Pathogenic,Substitution,Substitution | Missense,Coding,Exon 5,Neuropathology consistent with AD.,"Increased AÎ²42/AÎ²40, AÎ²42/AÎ²38, AÎ²43/AÎ²40, and AÎ²2-40:AÎ²40; decreased AÎ² (37 + 38 + 40) / (42 + 43) and AÎ²37/AÎ²42, AÎ²38/AÎ²40, AÎ²38/AÎ²42, AÎ²40/AÎ²43, and AÎ²11-40/AÎ²40 ratios. Decreased AÎ²40, AÎ²38, and AÎ²37 levels, while increasing AÎ²42 and AÎ²43. Mutant protein levels were variable in iPSC-derived neurons suggesting protein instability.","Alzheimer's Disease Collaborative Group, 1995"
25,PSEN1,Sun et al.,I143T,AD : Pathogenic,Substitution,Substitution | Missense,Coding,Exon 5,Neuropathology consistent with AD.,Increased the AÎ²42/AÎ²40 ratio and decreased the AÎ² (37 + 38 + 40) / (42 + 43) and AÎ²37/AÎ²42 ratios.,"Cruts et al., 1995; 
 Rogaeva et al., 2001"
26,PSEN1,Sun et al.,I143V,AD : Pathogenic,Substitution,Substitution | Missense,Coding,Exon 5,"Neuropathology consistent with AD, including abundant amyloid plaques and severe neurofibrillary tangle pathology (stage VI Braak and Braak). Amyloid deposits were comprised largely of AÎ²42, with little to no AÎ²40. There was minimal amyloid angiopathy in vessels.",Increased AÎ²42 and AÎ²42/AÎ²40 ratio in cells and in vitro.,"Gallo et al., 2011"
27,PSEN1,Sun et al.,M146L,AD : Pathogenic,Substitution,Substitution | Missense,Coding,Exon 5,"Neuropathology consistent with AD in multiple affected mutation carriers. Pick bodies and Lewy body pathology, as assessed by Î±-synuclein staining, have been noted in some cases.","Increased AÎ²42, AÎ²42/AÎ² total, AÎ²42/AÎ²40 in cells and in vitro assays and decreased AÎ²37/AÎ²42. Impaired calcium dynamics, mitochondrial permeability, expression of synaptic and neuronal differentiation genes.","Sherrington et al., 1995; 
 Sorbi et al., 1995; 
 Alzheimer's Disease Collaborative Group, 1995"
28,PSEN1,Sun et al.,T147I,AD : Pathogenic,Substitution,Substitution | Missense,Coding,Exon 5,Unknown.,Unknown; predicted probably damaging in silico.,"Campion et al., 1999"
29,PSEN1,Sun et al.,L150P,AD : Pathogenic,Substitution,Substitution | Missense,Coding,Exon 5,Unknown.,"Decreased AÎ²37/AÎ²42 ratio, increased AÎ²43. Slightly increased AÎ²42/AÎ²40 ratio.","Wallon et al., 2012"
30,PSEN1,Sun et al.,L153V,AD : Pathogenic,Substitution,Substitution | Missense,Coding,Exon 5,Neuropathology consistent with AD in one case.,Decreased AÎ²40 and AÎ²42 production in vitro.,"Raux et al., 2000; 
 Janssen et al., 2001"
31,PSEN1,Sun et al.,Y154N,AD : Pathogenic,Substitution,Substitution | Missense,Coding,Exon 5,"Unknown, MRI and SPECT showed atrophy and hypoperfusion in occipito-parietal areas and internal temporal lobe areas, including the hippocampus.","Dramatically decreased AÎ²40 and AÎ²42 production, as well as decreased endopeptidase activity, in vitro.","Hattori et al., 2004"
32,PSEN1,Sun et al.,H163Y,AD : Pathogenic,Substitution,Substitution | Missense,Coding,Exon 5,"Typical AD neuropathology (one case); decreased glucose metabolism in presymptomatic mutation carriers, especially in the thalamus. Widespread brain amyloid (PiB-PET) and shrunken hippocampi.","Decreased CSF AÎ²42 and AÎ²38 levels. Increased AÎ²42/AÎ² total ratio when expressed in COS-1 cells co-transfected with APP695, and increased AÎ²42 production in an in vitro assay using purified proteins.","Alzheimer's Disease Collaborative Group, 1995"
33,PSEN1,Sun et al.,W165G,AD : Pathogenic,Substitution,Substitution | Missense,Coding,Exon 6,"Unknown; but SPECT showed slight decrease in blood flow to parieto-occipital regions and thalamus in one case. Also, EEG alterations, but normal MRI.",Increased AÎ²42/40 ratio and decreased AÎ²37/40 ratio in cells.,"Higuchi et al., 2000"
34,PSEN1,Sun et al.,L166P,"AD : Pathogenic, ALS-FTD : Not Classified",Substitution,Substitution | Missense,Coding,Exon 6,"In one individual, numerous AÎ²-positive neuritic and cotton-wool plaques throughout the cerebral cortex; abundant AÎ²-positive amyloid cores in the cerebellar cortex. In another, robust amyloid pathology in the striatum and cerebellum, and asymmetric tau pathology in the primary sensorimotor cortex contralateral to the side most affected by spasticity.","Decreased AÎ² (37 + 38 + 40) / (42 + 43) and AÎ²37/AÎ²42 and increased AÎ²42/AÎ²40. Increased AÎ²42 and AÎ²43; endosomal accumulation of APP Î²-CTF. Also, interfered with wild-type PSEN1 activity, reduced GLT-1 interaction, inhibited calcium leak in the ER, affected ApoE secretion, altered PSEN1 subcellular localization. Stalled Î³-secretase-substrate complex tied to synaptic loss.","Moehlmann et al., 2002"
35,PSEN1,Sun et al.,I168T,AD : Uncertain Significance,Substitution,Substitution | Missense,Coding,Exon 6,Neuropathology consistent with AD.,No significant effect on AÎ²40 or AÎ²42 secretion in cells; decreased AÎ²42 and abrogated AÎ²40 production in vitro.,"Sassi et al., 2014"
36,PSEN1,Sun et al.,S169P,AD : Pathogenic,Substitution,Substitution | Missense,Coding,Exon 6,"Neuropathology consistent with AD, including numerous plaques and neurofibrillary tangles, neuritic irregularities, neuronal lipofuscin, and mild astrocytosis.",Increased AÎ²42/40 ratio and decreased AÎ²37/40 ratio in cells.,"Ezquerra et al., 1999"
37,PSEN1,Sun et al.,S170F,AD : Pathogenic,Substitution,Substitution | Missense,Coding,Exon 6,"Variable: Some cases with typical AD pathology; Extensive Lewy bodies in the substantia nigra and throughout the brain have also been reported. One case had severe cerebellar pathology, including abundant amyloid deposition and loss of Purkinje cells.","Increased AÎ²42/AÎ²40 ratio in cells and in vitro, but effects on AÎ²42 and AÎ²40 levels varied between studies. Effects on calcium homeostasis, phospho-tau expression, autophagy, expression of mitochondrial fission and fusion proteins, cell viability, and trophic factor function have also been reported.","Snider et al., 2005"
38,PSEN1,Sun et al.,L171P,AD : Pathogenic,Substitution,Substitution | Missense,Coding,Exon 6,Unknown,Drastically decreased AÎ²42 production and AÎ²40 production was undetectable in vitro.,"Ramirez-DueÃ±as et al., 1998"
39,PSEN1,Sun et al.,L173W,AD : Pathogenic,Substitution,Substitution | Missense,Coding,Exon 6,Unknown.,Decreased AÎ²40 and increased AÎ²42 and the AÎ²42/AÎ²40 ratio in vitro.,"Campion et al., 1999"
40,PSEN1,Sun et al.,L174M,AD : Pathogenic,Substitution,Substitution | Missense,Coding,Exon 6,Neuropathology consistent with AD and CAA in one case.,Decreased AÎ²40 and increased AÎ²42/AÎ²40 ratio in in vitro experiments. Conservative mutation in third transmembrane domain.,"Bertoli Avella et al., 2002; 
 Tedde et al., 2003"
41,PSEN1,Sun et al.,F176L,AD : Not Classified,Substitution,Substitution | Missense,Coding,Exon 6,"Neuropathology consistent with AD, notably abundant amyloid plaques and neurofibrillary tangles in the cortex. In fact, the neuropathology in this individual (Auguste D.) defined these structures as hallmarks of AD.","Variable results, but a comprehensive survey of AÎ² peptides in a cell-based assay suggests it is damaging as reflected by its reduction of the AÎ²37/AÎ²42 ratio.","MÃ¼ller et al., 2013"
42,PSEN1,Sun et al.,F177L,AD : Pathogenic,Substitution,Substitution | Missense,Coding,Exon 6,Unknown,Increased AÎ²42 production and AÎ²42/AÎ²40 ratio in vitro. Little impact on total cleavage activity of Î³-secretase.,"Rogaeva et al., 2001"
43,PSEN1,Sun et al.,S178P,AD : Pathogenic,Substitution,Substitution | Missense,Coding,Exon 6,Unknown,"Î³-secretase activity was 32% of wildtype as assessed by production levels of AÎ²37, AÎ²38, AÎ²40, AÎ²42, and AÎ²43.","Rogaeva et al., 2001"
44,PSEN1,Sun et al.,G183V,"AD : Not Classified, Other Tauopathy : Not Classified",Substitution,Splicing Alteration | Deletion; Missense,Coding,Exon 6,"Mixed findings. In one case, severe frontotemporal atrophy; Pick bodies, tau-positive cytoplasmic neuronal inclusions, in the neocortex; A striking absence of extracellular AÎ² deposits. Neuropathology was consistent with Pickâ€™s disease. But in double mutation carrier (G138V and P49L), neuropathology consistent with AD.","Increase in AÎ²42/AÎ²40 ratio in cells and in vitro; reduced production of AÎ²40 and AÎ²42 in vitro. No effect on Notch cleavage. Generates alternative transcripts mostly degraded by nonsense-mediated decay, but coding for truncated proteins that may cause loss of function. Forms complexes with wild-type PSEN1, possibly suppressing activity.","Dermaut et al., 2004"
45,PSEN1,Sun et al.,E184D,"AD : Pathogenic, DLB : Not Classified, PPA : Not Classified",Substitution,Substitution | Missense,Coding,Exon 7,"Neuropathology consistent with AD in three cases. In addition, CAA pathology described in two cases. Also, in two cases, robust Lewy body pathology and, in one of these cases, accumulation of the non-AÎ² component of AD amyloid (NAC) in plaques and astrocytes.",Increased AÎ²42/AÎ²40 ratio; reduced AÎ²37/AÎ²42 ratio in cultured cells.,"Yasuda et al., 1997"
46,PSEN1,Sun et al.,I202F,AD : Pathogenic,Substitution,Substitution | Missense,Coding,Exon 7,"Neuropathology was consistent with AD, with severe CAA, in one case. CAA included included chronic inflammatory infiltrate surrounding some cortical and leptomeningeal blood vessels. Lewy pathology was found in the amygdala.","Reduced AÎ²38 and AÎ²37 production, as well as AÎ²38/AÎ²42 and AÎ²37/AÎ²42 ratios in membranes isolated from patient brains and transgenic cultured cells.","Church et al., 2011"
47,PSEN1,Sun et al.,G206A,AD : Pathogenic,Substitution,Substitution | Missense,Coding,Exon 7,"Typical AD neuropathology, including extensive plaques and tangles (Braak stage VI). Cortical atrophy revealed by MRI and temporo-parietal hypometabolism revealed by FDG-PET. In one case, MRI alterations were similar to those of limbic encephalitis.","Increased AÎ²42/AÎ²40 ratio, decreased AÎ²37/AÎ²42 ratio. Î³-secretase activity = 61% of wildtype.","Rogaeva et al., 2001; 
 Athan et al., 2001"
48,PSEN1,Sun et al.,G209V,AD : Pathogenic,Substitution,Substitution | Missense,Coding,Exon 7,"Neuropathology consistent with AD, includin cortical atrophy, extensive amyloid plaques and neurofibrillary tangles, and amyloid angiopathy.","Abrogated AÎ²40 production and drastically reduced AÎ²42 production in vitro. Also, caused incomplete endoproteolytic processing of PSEN1.","Poorkaj et al., 1998"
49,PSEN1,Sun et al.,G209R,AD : Pathogenic,Substitution,Substitution | Missense,Coding,Exon 7,"Unknown; imaging showed mild brain atrophy in temporal lobes at early stages and diffuse brain atrophy mostly in frontotemporal lobes at advanced stages. Hypoperfusion in frontotemporal areas at early stages extending to parieto-occipital areas at advanced stages. CSF AÎ²38, AÎ²40, AÎ²42, AÎ²43 levels and AÎ²43/AÎ²42 were high vs other FAD carriers.",Abrogated AÎ²40 production and drastically reduce AÎ²42 production in vitro.,"Sugiyama et al., 1999"
50,PSEN1,Sun et al.,S212Y,AD : Pathogenic,Substitution,Substitution | Missense,Coding,Exon 7,"Neuropathology consistent with AD in two carriers, including neurofibrillary tangles (Braak stage VI) and frequent neuritic plaques. In one case, severe amyloid angiopathy noted in the cerebellum and occipital cortex, and Î±-synuclein pathology detected in the amygdala.",AÎ²42/AÎ²40 ratio increased and AÎ²37/AÎ²42 ratio decreased in cultured cells.,"Ringman et al., 2011"
51,PSEN1,Sun et al.,I213L,AD : Pathogenic,Substitution,Substitution | Missense,Coding,Exon 7,Unknown,"Increased AÎ²40 and AÎ²42 production, and an increase in the AÎ²42:AÎ²40 ratio as assessed in vitro.","Rogaeva et al., 2001"
52,PSEN1,Sun et al.,H214D,AD : Likely Pathogenic,Substitution,Substitution | Missense,Coding,Exon 7,Unknown,"Decreased AÎ²37/AÎ²42 ratio; AÎ²42/AÎ²40 similar or greater than that of controls. Reduced production of AÎ²37, AÎ²38, AÎ²39, AÎ²40, and AÎ²42 peptides, but not AÎ²43.","ClarimÃ³n et al., 2008; 
 Guerreiro et al., 2010"
53,PSEN1,Sun et al.,G217R,AD : Likely Pathogenic,Substitution,Substitution | Missense,Coding,Exon 7,Cotton wool plaques.,Increased AÎ²42/AÎ²40 in two cell-based assays; decreased AÎ²37/AÎ²42 in iPSC-derived neurons.,"Norton et al., 2009"
54,PSEN1,Sun et al.,L219F,AD : Likely Pathogenic,Substitution,Substitution | Missense,Coding,Exon 7,Unknown,Decreased AÎ²40; increased AÎ²42 and the AÎ²42/AÎ²40 ratio in vitro.,"Terreni et al., 2016"
55,PSEN1,Sun et al.,Q222R,AD : Likely Pathogenic,Substitution,Substitution | Missense,Coding,Exon 7,Unknown,"Increased AÎ²40 and AÎ²42 production, as well as the AÎ²42/AÎ²40 ratio in vitro.","Rogaeva et al., 2001"
56,PSEN1,Sun et al.,Q223R,AD : Pathogenic,Substitution,Substitution | Missense,Coding,Exon 7,"Unknown, but cotton-wool plaques and neurofibrillary tangles were found in two biopsies of family members of a mutation carrier. MRI of mutation carrier revealed white matter lesions in the frontotemporal region. FDG-PET showed progressive decrease in glucose metabolism in the precuneus and posterior cingulate, with parietal regions affected later.","Increased AÎ²42/AÎ²40 ratio, decreased AÎ²37/AÎ²42 ratio, and dramatically increased AÎ²43.","Uttner et al., 2010"
57,PSEN1,Sun et al.,L226F,AD : Pathogenic,Substitution,Substitution | Missense,Coding,Exon 7,Neuropathology consistent with AD.,Increased AÎ²42/AÎ²40 ratio; increased AÎ²42; increased AÎ²40.,"Zekanowski et al., 2006"
58,PSEN1,Sun et al.,I229F,AD : Pathogenic,Substitution,Substitution | Missense,Coding,Exon 7,Unknown,"In vitro, increased AÎ²42 production and reduced AÎ²40; increased AÎ²42/AÎ²40 ratio","Janssen et al., 2003"
59,PSEN1,Sun et al.,S230I,AD : Likely Pathogenic,Substitution,Substitution | Missense,Coding,Exon 7,Unknown.,Drastically decreased AÎ²42 production and abrogated AÎ²40 production in vitro.,"Wallon et al., 2012"
60,PSEN1,Sun et al.,A231T,AD : Likely Pathogenic,Substitution,Substitution | Missense,Coding,Exon 7,Unknown,Decreased AÎ²37/AÎ²42; AÎ²42/AÎ²40 mixed results. Decreased production of all AÎ² peptides.,"Campion et al., 1995"
61,PSEN1,Sun et al.,M233T,AD : Pathogenic,Substitution,Substitution | Missense,Coding,Exon 7,Neuropathology consistent with AD in at least one case.,"Increased AÎ²42, AÎ²48, and AÎ²39; Decreased AÎ²38, AÎ²40, AÎ²43, and AÎ²46.","Kwok et al., 1997"
62,PSEN1,Sun et al.,M233L,AD : Pathogenic,Substitution,Substitution | Missense,Coding,Exon 7,Unknown; imaging showed global cerebral atrophy.,"In vitro, increased AÎ²42 production, decreased AÎ²40 production; increased AÎ²42:AÎ²40 ratio. In cells, increased AÎ²42 and AÎ²43, decreased total AÎ² production, increased AÎ²42:AÎ²40 ratio. Disrupts endosomes via accumulation of APP Î²-CTF.","Aldudo et al., 1999"
63,PSEN1,Sun et al.,L235P,AD : Pathogenic,Substitution,Substitution | Missense,Coding,Exon 7,Neuropathology consistent with AD.,"In transgenic mice, increased production of AÎ², increased tau hyperphosphorylation, and loss of synaptic protein. In cells, decreased AÎ² (37 + 38 + 40) / (42 + 43) and AÎ²37/AÎ²42 ratios.","Campion et al., 1996"
64,PSEN1,Sun et al.,L235R,AD : Likely Pathogenic,Substitution,Substitution | Missense,Coding,Exon 7,"Unknown; MRI showed bilateral atrophy, especially in the temporal and parietal lobes.","Drastically decreased AÎ²42 production and abrogated AÎ²40 production in vitro. Also, caused incomplete endoproteolytic processing of PSEN1. Predicted possibly damaging in silico.","Antonell et al., 2011"
65,PSEN1,Sun et al.,L235V,AD : Likely Pathogenic,Substitution,Substitution | Missense,Coding,Exon 7,Neuropathology consistent with AD in at least one case.,"Modestly decreased AÎ² (37 + 38 + 40) / (42 + 43) and AÎ²37/AÎ²42 ratios in cells, and increased AÎ²42/AÎ²40 in cells but not in vitro; deleterious effect on monoamine oxidase.","Janssen et al., 2003"
66,PSEN1,Sun et al.,F237I,AD : Pathogenic,Substitution,Substitution | Missense,Coding,Exon 7,"Unknown, but in proband, PET and SPECT revealed hypometabolism and hypoperfusion in bilateral temporoparietal areas, including primary and sensory motor cortices.","Decreased AÎ²37/AÎ²42 ratio; AÎ²42/AÎ²40 ratio similar to wildtype. Decreased levels of AÎ²43, AÎ²42, AÎ²40.","Sodeyama et al., 2001"
67,PSEN1,Sun et al.,I238M,AD : Likely Pathogenic,Substitution,Substitution | Missense,Coding,Exon 7,Unknown; MRI showed progressive cerebral atrophy. PET showed hypometabolism in the frontal and temporal lobes.,Increased the AÎ²42/AÎ²40 ratio and decreased the AÎ² (37 + 38 + 40) / (42 + 43) ratio.,"Ting et al., 2014"
68,PSEN1,Sun et al.,K239N,AD : Likely Pathogenic,Substitution,Substitution | Missense,Coding,Exon 7,"Unknown, but MRI in one case showed medial temporal lobe and frontal lobe atrophy.","In two cell assays, AÎ²42/AÎ²40 was increased. In two assays, AÎ²40 and AÎ²42 production were decreased, but AÎ²42 was increased in another. In one assay, cell survival pathways were preserved.","LladÃ³ et al., 2010"
69,PSEN1,Sun et al.,T245P,AD : Likely Pathogenic,Substitution,Substitution | Missense,Coding,Exon 7,"Unknown, but MRI showed diffuse brain atrophy in one patient, and no abnormalities in 2 others.",Increased the AÎ²42/AÎ²40 ratio and decreased the AÎ² (37 + 38 + 40) / (42 + 43) ratio.,"Edwards-Lee et al., 2006"
70,PSEN1,Sun et al.,A246E,AD : Pathogenic,Substitution,Substitution | Missense,Coding,Exon 7,"Generalized atrophy, most prominently in the frontal lobes and hippocampus. Neuronal loss, gliosis, neurofibrillary tangles, and plaques.","Increased AÎ²42 and AÎ²43 secretion, AÎ²42/AÎ²40 ratio, AÎ²42/AÎ² total ratio. Decreased production of AÎ²40 and AÎ²42 in vitro. Disrupts endosomes via accumulation of APP Î²-CTF. Impaired neuronal differentiation, neural precursor proliferation, viability, autophagy, mitophagy, lysosomal function, ER calcium flux.","Sherrington et al., 1995"
71,PSEN1,Sun et al.,L248R,AD : Likely Pathogenic,Substitution,Substitution | Missense,Coding,Exon 7,"Unknown; in one case, neuroimaging showed prominent atrophy in the lateral fissure, and less prominent in parietofrontal regions","Increased AÎ²42/AÎ²40 ratio, decreased AÎ²37/AÎ²42 ratio. Production of all AÎ² peptides was decreased.","ClarimÃ³n et al., 2008; 
 Guerreiro et al., 2010"
72,PSEN1,Sun et al.,L250S,AD : Likely Pathogenic,Substitution,Substitution | Missense,Coding,Exon 7,Neuropathology consistent with AD in two cases.,"In vitro, decreases AÎ²40 and AÎ²42 production; increases AÎ²42/AÎ²40 ratio.","Hutton et al., 1996; 
 Harvey et al., 1998"
73,PSEN1,Sun et al.,Y256S,AD : Likely Pathogenic,Substitution,Substitution | Missense,Coding,Exon 7,"Neuropathology consistent with AD in two cases; severe, widespread pathology, including cotton-wool plaques.","In cells, increased AÎ²42 and AÎ²43. Using isolated proteins, decreased production of AÎ²42 and AÎ²40, increased AÎ²42/AÎ²40 ratio.","Miklossy et al., 2003"
74,PSEN1,Sun et al.,A260V,AD : Pathogenic,Substitution,Substitution | Missense,Coding,Exon 8,"Neuropathology consistent with AD. Also, diffuse Lewy body pathology, perivascular amyloid deposits and Pick-like intra-neuronal inclusions in the dentate gyrus.","Increased the AÎ²42/AÎ²40 ratio and decreased the AÎ² (37 + 38 + 40) / (42 + 43) ratio. Reduced production of AÎ²40 and AÎ²42, disrupted APP intracellular distribution.","Rogaev et al., 1995; 
 Ikeda et al., 1996"
75,PSEN1,Sun et al.,V261F,AD : Likely Pathogenic,Substitution,Substitution | Missense,Coding,Exon 8,"Neuropathology consistent with AD, with cotton-wool plaques, CAA, and degeneration of spinal lateral pyramidal tracts.","Increased AÎ²43 production (prevailing AÎ² species) in cells. Decreased AÎ²42 and AÎ²40 production, and increased AÎ²42/AÎ²40 ratio in vitro. Also, abolished autoproteolysis.","Rogaeva et al., 2001; 
 Farlow et al., 2000; 
 Farlow et al., 2001"
76,PSEN1,Sun et al.,L262F,AD : Likely Pathogenic,Substitution,Substitution | Missense,Coding,Exon 8,"A brain biopsy from one case ""confirmed the diagnosis of AD"".","Increased AÎ²42/AÎ²40 ratio in vitro, exhibiting a moderate increase in AÎ²42 production, and a decrease in AÎ²40 production.","Forsell et al., 1997"
77,PSEN1,Sun et al.,C263R,AD : Pathogenic,Substitution,Substitution | Missense,Coding,Exon 8,Neuropathology consistent with AD.,Decreased AÎ²40 and AÎ²42 production and increased AÎ²42/AÎ²40 ratio in vitro.,"Wasco et al., 1995"
78,PSEN1,Sun et al.,P264L,AD : Pathogenic,Substitution,Substitution | Missense,Coding,Exon 8,"Variable: Neuropathology frequently consistent with a diagnosis of AD, but also significant white-matter abnormalities and severe cerebral amyloid angiopathy with numerous small cortical infarcts. Abundant cotton-wool plaques composed of AÎ²42 have also been reported.","Increased AÎ²42/AÎ²40 and decreased AÎ²38/AÎ²42 ratios; increased AÎ²42, and decreased AÎ²40 and AÎ²38 production; Deposition of PSEN-1 in the endoplasmic reticulum; impaired mitochondrial activity and ATP production.","Campion et al., 1995; 
 Wasco et al., 1995"
79,PSEN1,Sun et al.,G266S,AD : Pathogenic,Substitution,Substitution | Missense,Coding,Exon 8,"In one case, cotton-wool plaques; cerebral amyloid angiopathy; temporal and frontal lobe atrophy; widespread NFTs; reactive gliosis in white matter. MRI in another case revealed parietal lobe atrophy, frontal lobe deep white matter abnormalities. SPECT showed hypoperfusion of parietal and occipital areas.","Marked increase in AÎ²42/AÎ²40 ratio; reduced production of AÎ²42, and particularly AÎ²40, in vitro.","Matsubara-Tsutsui et al., 2002; 
 Akatsu et al., 2008"
80,PSEN1,Sun et al.,P267S,AD : Pathogenic,Substitution,Substitution | Missense,Coding,Exon 8,Neuropathology consistent with Alzheimer's disease.,Reduced Î³-secretase activity; Increased cell cycle arrest.,"Alzheimer's Disease Collaborative Group, 1995; 
 Hutton et al., 1996"
81,PSEN1,Sun et al.,R269G,AD : Likely Pathogenic,Substitution,Substitution | Missense,Coding,Exon 8,"Unknown, but in one patient, MRI showed mild, non-specific cortical atrophy and EEG revealed a moderate, bilateral excess of slow wave activity. SPECT imaging showed non-specific, moderate hypoperfusion of the posterior parietal cortex.",Decreased AÎ²40 and AÎ²42 production; increased AÎ²42/AÎ²40 ratio.,"Perez-Tur et al., 1996"
82,PSEN1,Sun et al.,L271V,AD : Pathogenic,Substitution,Splicing Alteration | Deletion; Missense,Coding,Exon 8,"Considerable atrophy of the temporal and posterior white matter with enlargement of the lateral ventricles. Variant plaques: large, non-cored, reminiscent of cotton-wool plaques. Depigmented locus coeruleus.","Affects splicing of exon 8 such that more transcripts are produced which lack exon 8. Causes amino acid replacement (D257A) at the splice junction of exons 7 and 9. In vitro, AÎ²40 and AÎ²42 production were abrogated, but in cells, increased AÎ²42 secretion was reported, with no change in AÎ² production.","Kwok et al., 2003"
83,PSEN1,Sun et al.,V272A,AD : Pathogenic,Substitution,Substitution | Missense,Coding,Exon 8,"Neuropathology consistent with AD, but also Lewy bodies in cortex and substantia nigra, and widespread subcortical neuritic lesions. MRI and PET abnormalities in subcortical-frontal areas in later stages of disease.","Increased plasma AÎ²42. In vitro, increased AÎ²42 production and AÎ²42/AÎ²40.","Jimenez-Escrig et al., 2004"
84,PSEN1,Sun et al.,E273A,AD : Pathogenic,Substitution,Substitution | Missense,Coding,Exon 8,Unknown,Increased AÎ²43 and decreased AÎ²38 in cells; increased AÎ²42 and AÎ²42/AÎ²40 ratio in vitro; disrupted calcium flow in ER.,"Kamimura et al., 1998"
85,PSEN1,Sun et al.,T274R,AD : Likely Pathogenic,Substitution,Substitution | Missense,Coding,Exon 8,Unknown,"In vitro, AÎ²40 and AÎ²42 production was undetectable.","Rogaeva et al., 2001"
86,PSEN1,Sun et al.,A275V,AD : Pathogenic,Substitution,Substitution | Missense,Coding,Exon 8,Neuropathology consistent with AD.,Increased the AÎ²42/AÎ²40 ratio and decreased the AÎ² (37 + 38 + 40) / (42 + 43) ratio.,"Luedecke et al., 2014"
87,PSEN1,Sun et al.,R278K,"AD : Not Classified, SP : Not Classified",Substitution,Substitution | Missense,Coding,Exon 8,Unknown; MRI and CT scans reported as normal in one individual,"Increased AÎ²42 production in patient fibroblasts; but reduced AÎ²42 and AÎ²40 production in assay with purified proteins. In both cases, increased AÎ²42/AÎ²40.","Assini et al., 2003"
88,PSEN1,Sun et al.,E280G,AD : Pathogenic,Substitution,Substitution | Missense,Coding,Exon 8,Frequent cotton-wool plaques and vascular amyloid deposits; Some cases with white-matter abnormalities and degeneration of the corticospinal tract.,"Increased AÎ²42/AÎ²40 ratio in cells and in vitro. AÎ²42 secretion was increased in cells, but production of both AÎ²42 and AÎ²40 was reduced in vitro, as was endoproteolytic processing of PSEN1.","Alzheimer's Disease Collaborative Group, 1995; 
 O'Riordan et al., 2002"
89,PSEN1,Sun et al.,E280A,AD : Pathogenic,Substitution,Substitution | Missense,Coding,Exon 8,"Neuropathology consistent with AD. AÎ²42 abundant in the cerebral cortex, hippocampus, cerebellum, midbrain, and basal ganglia. Frequent CAA and cerebellar damage including ubiquitinâ€“positive plaques, reactive astrocytes, and dystrophic neurites. Lewy body disease and TDP-43 pathology. Also, small vessel disease, disrupted gliovascular units, hyper-reactive astrocytes, and olfactory system alterations.","In cells, increased the AÎ²42/AÎ²40 ratio and decreased the AÎ² (37 + 38 + 40) / (42 + 43) and AÎ²37/AÎ²42 ratios. Activation of chaperone-mediated autophagy. Deleterious effects on stress vulnerability with increased tau phosphorylation, and impairment of sodium channels, calcium homeostasis, mitochondrial function, AChE activity.","Alzheimer's Disease Collaborative Group, 1995; 
 Lopera et al., 1997; 
 Lemere et al., 1996"
90,PSEN1,Sun et al.,L282R,AD : Pathogenic,Substitution,Substitution | Missense,Coding,Exon 8,Neuropathology consistent with Alzheimer's disease.,Decreased AÎ² (37 + 38 + 40) / (42 + 43) and AÎ²37/AÎ²42 ratios and increased AÎ²43. The AÎ²42/AÎ²40 ratio was increased or unchanged.,"Aldudo et al., 1998"
91,PSEN1,Sun et al.,L282V,AD : Pathogenic,Substitution,Substitution | Missense,Coding,Exon 8,"Extensive neurofibrillary tangles and amyloid deposits including both dense-cored plaques and diffuse plaques. Severe cerebral amyloid angiopathy (CAA) in the neocortex, hippocampus, and cerebellum. CAA deposits associated with dystrophic neurites and inflammatory gliosis. Severe white-matter loss. Cerebellar amyloid pathology associated with severe CAA and loss of Purkinje cells.","Increased AÎ²42/AÎ²40 ratio and decreased AÎ²37/AÎ²42 ratio in cells. In vitro, AÎ²42 and AÎ²40 production, as well as AÎ²42/AÎ²40 ratio, similar to wild-type. Impairs trafficking of the APOE receptor apoER2.","Dermaut et al., 2001"
92,PSEN1,Sun et al.,P284S,AD : Likely Pathogenic,Substitution,Substitution | Missense,Coding,Exon 8,"Unknown, but in 4 family members, MRI revealed widespread white-matter lesions, with lobar microbleeds in two. In an unrelated carrier, PET showed AÎ² deposition in cortex, cerebellum, and putamen and CSF biomarkers consistent with AD.",AÎ²40 and AÎ²42 production was similar to wild-type PSEN1 in vitro.,"Marrosu et al., 2006"
93,PSEN1,Sun et al.,A285V,AD : Likely Pathogenic,Substitution,Substitution | Missense,Coding,Exon 8,"Unknown, but MRI from 2 patients showed atrophy of the temporo-parietal cortex and hippocampus, and abnormalities in the deep white matter of the pariteo-occipital lobes. SPECT revealed hypoperfusion in parietal and occipital areas.","AÎ²40 and AÎ²42 levels similar to controls in CSF of one patient. In cells, AÎ²42 production elevated compared to AÎ²40 and AÎ²38 production. In vitro, both AÎ²40 and AÎ²42 production modestly reduced; AÎ²42/AÎ²40 similar to wild-type PSEN1.","Ikeda et al., 1996"
94,PSEN1,Sun et al.,L286V,AD : Pathogenic,Substitution,Substitution | Missense,Coding,Exon 8,Neuropathology consistent with AD.,"Increased AÎ²42/AÎ² total ratio, unchanged AÎ²42/AÎ²40 ratio, and increased AÎ²43, AÎ²42, and AÎ²40 levels, with decreased non-amylodiogenic processing of APP in cells. In vitro, decreased Îµ-cleavage. Disrupts intracellular calcium dynamics and cellular redox status.","Sherrington et al., 1995"
95,PSEN1,Sun et al.,T291P,AD : Likely Pathogenic,Substitution,Splicing Alteration | Missense; Deletion,Coding,Exon 9,"Unknown; MRI showed marked diffuse atrophy and a signal in the right temporal lobe, compatible with previous bleeding.","In cells, this mutation increased both AÎ²40 and AÎ²42, causing an overall increase in the AÎ²42/AÎ²40 ratio. However, in an in vitro assay, it dramatically decreased AÎ²42 and abolished AÎ²40 production. Also affects exon 9 splicing.","Dumanchin et al., 2006"
96,PSEN1,Sun et al.,E318G,AD : Benign,Substitution,Substitution | Missense,Coding,Exon 9,"Mixed results. Some carriers have AD neuropatholgy, but some do not.","Most data indicate no effect on AÎ²42/AÎ²40, AÎ² (37 + 38 + 40) / (42 + 43), and AÎ²37/AÎ²42 ratios.","Sandbrink et al., 1996; 
 Cruts et al., 1998; 
 Aldudo et al., 1998"
97,PSEN1,Sun et al.,D333G,"AD : Benign, Dilated Cardiomyopathy : Not Classified",Substitution,Substitution | Missense,Coding,Exon 10,Unknown,AÎ²42 production slightly reduced in vitro. Altered calcium signaling in fibroblasts.,"Li et al., 2006"
98,PSEN1,Sun et al.,R352C,AD : Likely Benign,Substitution,Substitution | Missense,Coding,Exon 10,Unknown; imaging showed cerebral global atrophy.,AÎ²42/AÎ²40 ratio similar to wildtype as assessed in cellular and in vitro assays.,"Jiang et al., 2015"
99,PSEN1,Sun et al.,T354I,AD : Uncertain Significance,Substitution,Substitution | Missense,Coding,Exon 10,"Unknown, but brain imaging showed generalized atrophy in one case and cortical parieto-temporal hypometabolism in another. CSF levels of AÎ²42, total tau, and phospho-tau were consistent with AD in the latter case.","Decreased AÎ²42 and AÎ²40 production, and decreased AÎ²42/AÎ²40 ratio in vitro. Decreased AÎ²42 in CSF of one case.","Rogaeva et al., 2001; 
 Lee et al., 2006"
100,PSEN1,Sun et al.,R358Q,AD : Likely Benign,Substitution,Substitution | Missense,Coding,Exon 10,Unknown,"Decreased AÎ²40 and AÎ²42 production and increased AÎ²42/AÎ²40 ratio in vitro. in cells, increased AÎ²40 and AÎ²42 secretion, with no significant change in the AÎ²42/AÎ²40 ratio.","Rogaeva et al., 2001"
101,PSEN1,Sun et al.,S365A,AD : Uncertain Significance,Substitution,Substitution | Missense,Coding,Exon10,Unknown,"In vitro production of AÎ²38, AÎ²40, AÎ²42, and AÎ²43 similar to wildtype in one study; in another AÎ²40 and AÎ²42 production moderately increased, with AÎ²42/AÎ²40 ratio unchanged. Another study reported the phosphorylation status of this site appears to modulate a PSEN1 calcium-triggered conformational change linked to increased AÎ²42/AÎ²40.","ClarimÃ³n et al., 2008; 
 Guerreiro et al., 2010"
102,PSEN1,Sun et al.,R377W,AD : Likely Pathogenic,Substitution,Splicing Alteration | Deletion; Missense,Coding,Exon 10,"Unknown; in one case, imaging showed amyloid deposition in the precuneus and frontal and parietal areas, with mild parietal atrophy and hypometabolism in precuneus, posterior cingulum, inferior parietal lobes, temporal, and frontal lobes. Frontotemporal atrophy and hypometabolism seen in another case.","In vitro, decreased AÎ²42 production and abrogated AÎ²40 production.","Wallon et al., 2012; 
 Borroni et al., 2011"
103,PSEN1,Sun et al.,G378E,AD : Pathogenic,Substitution,Substitution | Missense,Coding,Exon 11,Neuropathology consistent with AD. One case also had notable cerebral amyloid angiopathy.,Increased AÎ²42/AÎ²40 ratio; increased AÎ²42.,"BesanÃ§on et al., 1998"
104,PSEN1,Sun et al.,L381V,AD : Pathogenic,Substitution,Substitution | Missense,Coding,Exon 11,"Unknown, but in one carrier, PET revealed widespread amyloid and tau pathology, atrophy, hypometabolism, and reduced dopamine transporter in the putamen. In another, AÎ²38 and AÎ²40 in CSF were proportionately reduced while AÎ²43 was relatively high resulting in an elevated AÎ²43/AÎ²42 ratio.","Increased AÎ²42/AÎ²40 ratio; increased AÎ²42 and AÎ²43; Reduced PSEN1 N-terminal fragment (NTF), suggesting impaired endoproteolysis of PSEN1.","Dintchov Traykov et al., 2009; 
 Mehrabian et al., 2004"
105,PSEN1,Sun et al.,G384A,AD : Pathogenic,Substitution,Substitution | Missense,Coding,Exon 11,Neuropathology consistent with AD.,Increased AÎ²42/AÎ²40 ratio and reduced AÎ² (37 + 38 + 40) / (42 + 43) and AÎ²37/AÎ²42 ratios. Abolished ER calcium leak channel activity and reduced ApoE secretion. Altered subcellular localization of PSEN1 and its interaction with GLT-1.,"Cruts et al., 1995; 
 Tanahashi et al., 1996"
106,PSEN1,Sun et al.,F386S,AD : Pathogenic,Substitution,Substitution | Missense,Coding,Exon 11,Unknown,Decreased AÎ²37/AÎ²42 ratio and dramatically increased AÎ²43 in cells. Increased AÎ²42/AÎ²40 ratio in 3 assays.,"Raux et al., 2005"
107,PSEN1,Sun et al.,S390I,AD : Likely Pathogenic,Substitution,Substitution | Missense,Coding,Exon 11,Unknown,Drastic decrease in production of both AÎ²40 and AÎ²42 in vitro.,"Campion et al., 1999"
108,PSEN1,Sun et al.,V391F,AD : Pathogenic,Substitution,Substitution | Missense,Coding,Exon 11,Unknown,Increased AÎ²42/AÎ²40 ratio; reduced AÎ²40 production in vitro.,"Raux et al., 2005"
109,PSEN1,Sun et al.,L392V,AD : Pathogenic,Substitution,Substitution | Missense,Coding,Exon 11,"Neuropathology consistent with AD, including cortical atrophy, amyloid plaques, and neurofibrillary tangles.","Increased AÎ²42:AÎ²40 ratio; increased AÎ²48-39 production line, including AÎ²42, in cells; decreased AÎ²40 production in vitro. Impaired Notch cleavage.","Campion et al., 1995; 
 Campion et al., 1995; 
 Rogaev et al., 1995; 
 Campion et al., 1999"
110,PSEN1,Sun et al.,G394V,AD : Likely Pathogenic,Substitution,Substitution | Missense,Coding,Exon 11,Unknown,"In vitro, AÎ²40 production undetectable; AÎ²42 drastically reduced; autoproteolysis abrogated. Four algorithms predicted the mutation to be damaging, with a PHRED-CADD score of 31. In patient cells with additional mutation (E318G), no change in AÎ²40 or AÎ²42 levels.","Rogaeva et al., 2001"
111,PSEN1,Sun et al.,A396T,AD : Likely Pathogenic,Substitution,Substitution | Missense,Coding,Exon 11,"Neuropathology was consistent with AD, plus widespread Î±-synuclein inclusions characteristic of Lewy body disease, in one case. MRI of another case showed atrophy of the frontal lobes.",Increased AÎ²40 and AÎ²42 production with AÎ²42/AÎ²40 ratio unchanged in cells; reduced AÎ²40 production and increased AÎ²42/AÎ²40 ratio in vitro.,"Lohmann et al., 2012"
112,PSEN1,Sun et al.,N405S,AD : Uncertain Significance,Substitution,Substitution | Missense,Coding,Exon 11,Neuropathology consistent with AD.,"Decreased AÎ²40 and AÎ²42 production, and decreased AÎ²42/AÎ²40 ratio in vitro.","Yasuda et al., 2000"
113,PSEN1,Sun et al.,A409T,AD : Likely Pathogenic,Substitution,Substitution | Missense,Coding,Exon 11,Unknown,"In cells, increased AÎ²43 production and the AÎ²42/AÎ²40 ratio; decreased total AÎ², AÎ²38, AÎ²40, and AÎ²42. In vitro, decreased AÎ²40, AÎ²42, and the AÎ²42/AÎ²40 ratio.","Aldudo et al., 1999"
114,PSEN1,Sun et al.,C410Y,AD : Pathogenic,Substitution,Substitution | Missense,Coding,Exon 11,Neuropathology consistent with AD.,Increased AÎ²42/AÎ² total ratio and decreased AÎ² (37 + 38 + 40) / (42 + 43) ratio in cells. Dominant-negative inhibition of wild-type PSEN1. Partial loss of Î³-secretase cleavage of Notch and Î²-neurexin.,"Sherrington et al., 1995; 
 Campion et al., 1995"
115,PSEN1,Sun et al.,V412I,FTD : Not Classified,Substitution,Substitution | Missense,Coding,Exon 11,"Unknown; in one case, 18FDG-PET showed hypometabolism in the parietal and frontal cortices, as well as in the putamen and caudate. In another case, SPECT showed widespread cortical hypoperfusion.",Severe decrease in AÎ²42 and undetectable AÎ²40 levels in in vitro assay using isolated proteins.,"Bernardi et al., 2009"
116,PSEN1,Sun et al.,L418F,AD : Likely Pathogenic,Substitution,Substitution | Missense,Coding,Exon 12,Unknown,"Decreased AÎ²40 and AÎ²42 production, and elevated AÎ²42/AÎ²40 ratio, in vitro.","Rogaeva et al., 2001"
117,PSEN1,Sun et al.,L420R,AD : Likely Pathogenic,Substitution,Substitution | Missense,Coding,Exon 12,"Extensive amyloid pathology, primarily in the form of cotton-wool plaques, although some rare dense core plaques. Some amyloid angiopathy.",Decreased AÎ²40 and AÎ²42 production; increased AÎ²42/AÎ²40 ratio in vitro.,"Shrimpton et al., 2007"
118,PSEN1,Sun et al.,L424V,"AD : Pathogenic, Atypical Dementia : Not Classified",Substitution,Substitution | Missense,Coding,Exon 12,"Unknown; CT and SPECT imaging showed diffuse cortical and subcortical atrophy and hypoperfusion affecting the frontal, temporal, and parietal lobes in one patient. In another, fronto-temporal atrophy was predominant, as revelaed by CT and MRI.","Increased AÎ²40, AÎ²42, and AÎ²42/AÎ²40 in vitro and in cells. Increased AÎ²43 and decreased the AÎ²37/AÎ²42 ratio in cells.","Robles et al., 2009"
119,PSEN1,Sun et al.,A426P,AD : Pathogenic,Substitution,Substitution | Missense,Coding,Exon 12,"Unknown, but PiB-PET revealed robust amyloid deposition in the striatum. PiB retention was also found in the neocortex and thalamus. Compared to sporadic AD, amyloid accumulation in frontal, temporoparietal, and precuneus cortices was lower.","AÎ²42/AÎ²40 ratio increased, AÎ² (37 + 38 + 40) / (42 + 43) ratio decreased in cells. Î³-secretase composite score (% relative to wildtype) = 52.86","Poorkaj et al., 1998"
120,PSEN1,Sun et al.,A431E,"AD : Pathogenic, SP : Pathogenic",Substitution,Substitution | Missense,Coding,Exon 12,"Neuropathology consistent with AD. Widespread white-matter abnormalities in several patients with motor impairments, high incidence of cerebral microhemorrhages. In one case, Lewy body pathology.",AÎ²42/AÎ²40 ratio increased in vitro and AÎ² (37 + 38 + 40) / (42 + 43) decreased in cultured cells. Toxic peptide AÎ²43 was particularly elevated. Increased expression of cell cycle genes and activation of REST in iPSC-neurons. Enhanced MAO-A activity in HT-22 cells.,"Rogaeva et al., 2001; 
 Yescas et al., 2006"
121,PSEN1,Sun et al.,A434C,AD : Pathogenic,Deletion-Insertion,Deletion-Insertion | Missense,Coding,Exon 12,"Numerous diffuse plaques and neuritic plaques with dense amyloid cores throughout the neocortex; Abundant neurofibrillary tangles and Hirano bodies; Moderate cell loss and gliosis in the hippocampus, amygdala, and nucleus basalis.","Increased AÎ²42 and decreased AÎ²40 production in vitro, resulting in an increased AÎ²42/AÎ²40 ratio.","Devi et al., 2000"
122,PSEN1,Sun et al.,L435F,AD : Pathogenic,Substitution,Substitution | Missense,Coding,Exon 12,"Widespread cotton-wool plaques in the neocortex, hippocampus, and deep cerebral nuclei contain substantially more AÎ²43 than typical plaques. Abundant neurofibrillary tangles in the entorhinal cortex and hippocampus. Mild cerebral amyloid angiopathy. Neuronal loss, depigmentation, and gliosis in the substantia nigra.","Elevated AÎ²43 in cells, inluding iPSC-derived neurons, knockin rats, and human brain tissue (although decreased AÎ²43 in knockin mice). Decreased total AÎ², AÎ²42, AÎ²40, APP-CTF. Decreased Îµ-cleavage, autoproteolysis, and AÎ²46â†’AÎ²43 and AÎ²43â†’AÎ²40 trimming. Altered Notch function. Impaired wildtype PSEN1 Î³-secretase activity. Increased seeding and propagation of tau aggregates.","Rogaeva et al., 2001"
123,PSEN1,Sun et al.,P436S,AD : Pathogenic,Substitution,Substitution | Missense,Coding,Exon 12,"Consistent with AD in one carrier, with both dense-core (AÎ²43+) and cotton wool amyloid plaques. Lewy body pathology mostly in the amygdala.","Increased AÎ²43/AÎ²40 and AÎ²42/AÎ²40 ratios. Unlike other PSEN1 mutations, unchanged AÎ²42/AÎ²38 ratio. Autoproteolytic processing similar to wildtype PSEN1.","Palmer et al., 1999"
124,PSEN1,Sun et al.,I437V,AD : Likely Pathogenic,Substitution,Substitution | Missense,Coding,Exon 12,Unknown.,"Decreased AÎ²40 and AÎ²42 production, and increased AÎ²42/AÎ²40 ratio in vitro.","Nicolas et al., 2015"
125,PSEN1,Sun et al.,I439V,AD : Uncertain Significance,Substitution,Substitution | Missense,Coding,Exon 12,Unknown.,"In vitro, moderately increased AÎ²40 and AÎ²42 production; AÎ²42/AÎ²40 ratio unchanged. In cells, increased AÎ²42 secretion; AÎ²42/AÎ²40 unchanged.","Rogaeva et al., 2001"
126,PSEN1,Petit et al.,A79V,AD : Likely Pathogenic,Substitution,Substitution | Missense,Coding,Exon 4,Neuropathology consistent with AD.,"Increased the AÎ²42/AÎ²40 ratio, and decreased the AÎ² (37 + 38 + 40) / (42 + 43) and AÎ²37/AÎ²42 ratios in cells. Also, altered transcriptomic profiles in carrier brains and iPSC-derived neurons.","Cruts et al., 1998"
127,PSEN1,Petit et al.,V89L,AD : Pathogenic,Substitution,Substitution | Missense,Coding,Exon 4,"Neurofibrillary tangles and neuritic plaques with dystrophic neurites corresponding to stage VI of Braak and Braak. Plaques abundant in the hippocampus, amygdala, and neocortex. Tangles abundant in the neocortex and hippocampus. Some amyloid angiopathy in cortical vessels. Moderate cortical atrophy and enlarged ventricles.",Decreased AÎ²40 and AÎ²42 production; increased AÎ²42/AÎ²40 ratio in vitro.,"Queralt et al., 2002"
128,PSEN1,Petit et al.,F105C,AD : Pathogenic,Substitution,Substitution | Missense,Coding,Exon 4,Unknown; neuroimaging showed enlarged ventricles and atrophy in the hippocampus and frontotemporal regions.,Decreased AÎ² (37 + 38 + 40) / (42 + 43) ratio.,"Jiao et al., 2014; 
 Deng et al., 2014"
129,PSEN1,Petit et al.,L113P,"AD : Pathogenic, FTD : Not Classified",Substitution,Substitution | Missense,Coding,Exon 4,AD-like plaques and tangles; CT scans showed predominant frontotemporal atrophy and SPECT showed hypoperfusion including the frontal lobes.,"Increased AÎ²42/40 ratio and decreased AÎ²37/40, AÎ²37/42, and AÎ²38/42 ratios in cells, indicating reduced Î³-processivity. It also reduced total AÎ² secretion.","Raux et al., 2000"
130,PSEN1,Petit et al.,Y115H,AD : Pathogenic,Substitution,Substitution | Missense,Coding,Exon 5,Neuropathology consistent with AD.,"Increased AÎ²42/AÎ²40, decreased AÎ² (37 + 38 + 40) / (42 + 43) and AÎ²37/AÎ²42 in cells and in vitro, indicating reduced Î³-processivity. Suppressed AÎ² production by wild-type PSEN1.","Campion et al., 1995"
131,PSEN1,Petit et al.,S132A,"AD : Uncertain Significance, DLB : Not Classified, FTD : Not Classified",Substitution,Substitution | Missense,Coding,Exon 5,"Neuropathology consistent with AD, with severe neocortical Lewy body disease (one case).","Unknown, but CADD score was above 20 suggesting deleterious effects.","Ryan et al., 2016"
132,PSEN1,Petit et al.,M139T,AD : Pathogenic,Substitution,Substitution | Missense,Coding,Exon 5,Unknown.,"Increased AÎ²42/AÎ²40 ratio and decreased AÎ² (37 + 38 + 40) / (42 + 43), AÎ²37/AÎ²42, and AÎ²38/AÎ²42 ratios in cells.","Campion et al., 1995"
133,PSEN1,Petit et al.,M139V,AD : Pathogenic,Substitution,Substitution | Missense,Coding,Exon 5,Neuropathology consistent with AD.,"Increased AÎ²42/AÎ²40, AÎ²42/AÎ²38, AÎ²43/AÎ²40, and AÎ²2-40:AÎ²40; decreased AÎ² (37 + 38 + 40) / (42 + 43) and AÎ²37/AÎ²42, AÎ²38/AÎ²40, AÎ²38/AÎ²42, AÎ²40/AÎ²43, and AÎ²11-40/AÎ²40 ratios. Decreased AÎ²40, AÎ²38, and AÎ²37 levels, while increasing AÎ²42 and AÎ²43. Mutant protein levels were variable in iPSC-derived neurons suggesting protein instability.","Alzheimer's Disease Collaborative Group, 1995"
134,PSEN1,Petit et al.,V142I,AD : Likely Pathogenic,Substitution,Substitution | Missense,Coding,Exon 5,Unknown,Little or no effect on AÎ²42/AÎ²40 and AÎ²37/AÎ²42 ratios in cells.,"Koriath et al., 2020"
135,PSEN1,Petit et al.,I143F,AD : Pathogenic,Substitution,Substitution | Missense,Coding,Exon 5,"Neuropathology consistent with AD, but in one case, more widespread distribution of plaques in the temporal sulcus compared with sporadic AD, and lower ratio of Ab40 to Ab42/Ab43 in plaques. Also, accelerated NFT formation and neuronal loss.",Increased AÎ²42/AÎ²40 and decreased AÎ² (37 + 38 + 40) / (42 + 43) and AÎ²37/AÎ²42 indicating a deleterious effect.,"Rossor et al., 1996; 
 Palmer et al., 1999"
136,PSEN1,Petit et al.,I143T,AD : Pathogenic,Substitution,Substitution | Missense,Coding,Exon 5,Neuropathology consistent with AD.,Increased the AÎ²42/AÎ²40 ratio and decreased the AÎ² (37 + 38 + 40) / (42 + 43) and AÎ²37/AÎ²42 ratios.,"Cruts et al., 1995; 
 Rogaeva et al., 2001"
137,PSEN1,Petit et al.,Y154N,AD : Pathogenic,Substitution,Substitution | Missense,Coding,Exon 5,"Unknown, MRI and SPECT showed atrophy and hypoperfusion in occipito-parietal areas and internal temporal lobe areas, including the hippocampus.","Dramatically decreased AÎ²40 and AÎ²42 production, as well as decreased endopeptidase activity, in vitro.","Hattori et al., 2004"
138,PSEN1,Petit et al.,L166P,"AD : Pathogenic, ALS-FTD : Not Classified",Substitution,Substitution | Missense,Coding,Exon 6,"In one individual, numerous AÎ²-positive neuritic and cotton-wool plaques throughout the cerebral cortex; abundant AÎ²-positive amyloid cores in the cerebellar cortex. In another, robust amyloid pathology in the striatum and cerebellum, and asymmetric tau pathology in the primary sensorimotor cortex contralateral to the side most affected by spasticity.","Decreased AÎ² (37 + 38 + 40) / (42 + 43) and AÎ²37/AÎ²42 and increased AÎ²42/AÎ²40. Increased AÎ²42 and AÎ²43; endosomal accumulation of APP Î²-CTF. Also, interfered with wild-type PSEN1 activity, reduced GLT-1 interaction, inhibited calcium leak in the ER, affected ApoE secretion, altered PSEN1 subcellular localization. Stalled Î³-secretase-substrate complex tied to synaptic loss.","Moehlmann et al., 2002"
139,PSEN1,Petit et al.,L166R,AD : Pathogenic,Substitution,Substitution | Missense,Coding,Exon 6,Unknown; MRI in the proband showed cortical atrophy; PET showed parietal hypoperfusion.,"Unknown, but multiple in silico algorithms predicted a damaging effect.","Ezquerra et al., 2000"
140,PSEN1,Petit et al.,L171P,AD : Pathogenic,Substitution,Substitution | Missense,Coding,Exon 6,Unknown,Drastically decreased AÎ²42 production and AÎ²40 production was undetectable in vitro.,"Ramirez-DueÃ±as et al., 1998"
141,PSEN1,Petit et al.,M233I,AD : Pathogenic,Substitution,Substitution | Missense,Coding,Exon 7,"Neuropathology consistent with a diagnosis of AD, including amyloid plaques and tau-positive neurofibrillary tangles. No evidence of astrocytic gliosis, spongiosis, or prion disease.",Decreased the AÎ² (37 + 38 + 40) / (42 + 43) and AÎ²37/AÎ²42 ratios; increased AÎ²42/AÎ²40 in two cell-based assays (nucleotide change unspecified).,"Portet et al., 2003"
142,PSEN1,Petit et al.,M233V,AD : Pathogenic,Substitution,Substitution | Missense,Coding,Exon 7,"In one case: neurofibrillary tangles and amyloid plaques throughout the neocortex; occasional plaques in the spinal cord; Lewy bodies in the substantia nigra and cortex; moderate to severe amyloid angiopathy in leptomeningeal, cerebral, and cerebellar vessels. Widespread amyloid deposition in another patient as assessed by PET.",Increased AÎ²42/AÎ²40 ratio and decreased AÎ² (37 + 38 + 40) / (42 + 43) and AÎ²37/AÎ²42 ratios in cells.,"Houlden et al., 2001"
143,PSEN1,Petit et al.,L235P,AD : Pathogenic,Substitution,Substitution | Missense,Coding,Exon 7,Neuropathology consistent with AD.,"In transgenic mice, increased production of AÎ², increased tau hyperphosphorylation, and loss of synaptic protein. In cells, decreased AÎ² (37 + 38 + 40) / (42 + 43) and AÎ²37/AÎ²42 ratios.","Campion et al., 1996"
144,PSEN1,Petit et al.,L235V,AD : Likely Pathogenic,Substitution,Substitution | Missense,Coding,Exon 7,Neuropathology consistent with AD in at least one case.,"Modestly decreased AÎ² (37 + 38 + 40) / (42 + 43) and AÎ²37/AÎ²42 ratios in cells, and increased AÎ²42/AÎ²40 in cells but not in vitro; deleterious effect on monoamine oxidase.","Janssen et al., 2003"
145,PSEN1,Petit et al.,A246E,AD : Pathogenic,Substitution,Substitution | Missense,Coding,Exon 7,"Generalized atrophy, most prominently in the frontal lobes and hippocampus. Neuronal loss, gliosis, neurofibrillary tangles, and plaques.","Increased AÎ²42 and AÎ²43 secretion, AÎ²42/AÎ²40 ratio, AÎ²42/AÎ² total ratio. Decreased production of AÎ²40 and AÎ²42 in vitro. Disrupts endosomes via accumulation of APP Î²-CTF. Impaired neuronal differentiation, neural precursor proliferation, viability, autophagy, mitophagy, lysosomal function, ER calcium flux.","Sherrington et al., 1995"
146,PSEN1,Petit et al.,G266S,AD : Pathogenic,Substitution,Substitution | Missense,Coding,Exon 8,"In one case, cotton-wool plaques; cerebral amyloid angiopathy; temporal and frontal lobe atrophy; widespread NFTs; reactive gliosis in white matter. MRI in another case revealed parietal lobe atrophy, frontal lobe deep white matter abnormalities. SPECT showed hypoperfusion of parietal and occipital areas.","Marked increase in AÎ²42/AÎ²40 ratio; reduced production of AÎ²42, and particularly AÎ²40, in vitro.","Matsubara-Tsutsui et al., 2002; 
 Akatsu et al., 2008"
147,PSEN1,Petit et al.,R269H,AD : Likely Pathogenic,Substitution,Substitution | Missense,Coding,Exon 8,"Neuropathology consistent with Alzheimer's disease; a high burden of AÎ² and neurofibrillary tangles in cortical areas. Prominent microbleeds in the cerebellum, parieto-occipital region, and temporal lobe revealed by MRI in one patient. MRI in two cases showed white matter alterations.",Decreased the AÎ² (37 + 38 + 40) / (42 + 43) ratio in cells; decreased Î³-secretase activity (53% of wildtype).,"GÃ³mez-Isla et al., 1997"
148,PSEN1,Petit et al.,R278T,AD : Pathogenic,Substitution,Substitution | Missense,Coding,Exon 8,Neuropathology consistent with AD was detected in one brain biopsy.,"Increased AÎ²42/AÎ²40 ratio and decreased AÎ² (37 + 38 + 40) / (42 + 43) and AÎ²37/AÎ²42 ratios in cells. Also, increased AÎ²43 levels 10-fold.","Kwok et al., 1997"
149,PSEN1,Petit et al.,E280A,AD : Pathogenic,Substitution,Substitution | Missense,Coding,Exon 8,"Neuropathology consistent with AD. AÎ²42 abundant in the cerebral cortex, hippocampus, cerebellum, midbrain, and basal ganglia. Frequent CAA and cerebellar damage including ubiquitinâ€“positive plaques, reactive astrocytes, and dystrophic neurites. Lewy body disease and TDP-43 pathology. Also, small vessel disease, disrupted gliovascular units, hyper-reactive astrocytes, and olfactory system alterations.","In cells, increased the AÎ²42/AÎ²40 ratio and decreased the AÎ² (37 + 38 + 40) / (42 + 43) and AÎ²37/AÎ²42 ratios. Activation of chaperone-mediated autophagy. Deleterious effects on stress vulnerability with increased tau phosphorylation, and impairment of sodium channels, calcium homeostasis, mitochondrial function, AChE activity.","Alzheimer's Disease Collaborative Group, 1995; 
 Lopera et al., 1997; 
 Lemere et al., 1996"
150,PSEN1,Petit et al.,L282P,AD : Likely Pathogenic,Substitution,Substitution | Missense,Coding,Exon 8,"Unknown, but in one patient, MRI revealed mild, diffuse cortical atrophy, and FDG-PET showed severe, bilateral hypometabolism in parietal and temporal cortices.","Unknown, but multiple in silico algorithms predicted damaging","Kim et al., 2020"
151,PSEN1,Petit et al.,L282R,AD : Pathogenic,Substitution,Substitution | Missense,Coding,Exon 8,Neuropathology consistent with Alzheimer's disease.,Decreased AÎ² (37 + 38 + 40) / (42 + 43) and AÎ²37/AÎ²42 ratios and increased AÎ²43. The AÎ²42/AÎ²40 ratio was increased or unchanged.,"Aldudo et al., 1998"
152,PSEN1,Petit et al.,T291P,AD : Likely Pathogenic,Substitution,Splicing Alteration | Missense; Deletion,Coding,Exon 9,"Unknown; MRI showed marked diffuse atrophy and a signal in the right temporal lobe, compatible with previous bleeding.","In cells, this mutation increased both AÎ²40 and AÎ²42, causing an overall increase in the AÎ²42/AÎ²40 ratio. However, in an in vitro assay, it dramatically decreased AÎ²42 and abolished AÎ²40 production. Also affects exon 9 splicing.","Dumanchin et al., 2006"
153,PSEN1,Petit et al.,L381F,AD : Pathogenic,Substitution,Substitution | Missense,Coding,Exon 11,"Neuropathology consistent with AD, including neuritic amyoid plaques and neurofibrillary tangles. Hirano bodies and granulovacuolar degeneration in the hippocampus.",In silico analysis suggests that the mutation affects the folding free energy and flexibility of the protein.,"Dolzhanskaya et al., 2014"
154,PSEN1,Petit et al.,G384A,AD : Pathogenic,Substitution,Substitution | Missense,Coding,Exon 11,Neuropathology consistent with AD.,Increased AÎ²42/AÎ²40 ratio and reduced AÎ² (37 + 38 + 40) / (42 + 43) and AÎ²37/AÎ²42 ratios. Abolished ER calcium leak channel activity and reduced ApoE secretion. Altered subcellular localization of PSEN1 and its interaction with GLT-1.,"Cruts et al., 1995; 
 Tanahashi et al., 1996"
155,PSEN1,Petit et al.,V393F,AD : Likely Pathogenic,Substitution,Substitution | Missense,Coding,Exon 11,Unknown,"Unknown, but predicted deleterious by in silico analysis (CADD Phred score= 35).","Koriath et al., 2020"
156,PSEN1,Petit et al.,V412I,FTD : Not Classified,Substitution,Substitution | Missense,Coding,Exon 11,"Unknown; in one case, 18FDG-PET showed hypometabolism in the parietal and frontal cortices, as well as in the putamen and caudate. In another case, SPECT showed widespread cortical hypoperfusion.",Severe decrease in AÎ²42 and undetectable AÎ²40 levels in in vitro assay using isolated proteins.,"Bernardi et al., 2009"
157,PSEN1,Petit et al.,A431E,"AD : Pathogenic, SP : Pathogenic",Substitution,Substitution | Missense,Coding,Exon 12,"Neuropathology consistent with AD. Widespread white-matter abnormalities in several patients with motor impairments, high incidence of cerebral microhemorrhages. In one case, Lewy body pathology.",AÎ²42/AÎ²40 ratio increased in vitro and AÎ² (37 + 38 + 40) / (42 + 43) decreased in cultured cells. Toxic peptide AÎ²43 was particularly elevated. Increased expression of cell cycle genes and activation of REST in iPSC-neurons. Enhanced MAO-A activity in HT-22 cells.,"Rogaeva et al., 2001; 
 Yescas et al., 2006"
158,PSEN1,Petit et al.,P433S,AD : Pathogenic,Substitution,Substitution | Missense,Coding,Exon 12,Unknown,"Increased AÎ²42, AÎ²43, and AÎ²42/AÎ²40 ratio in transfected cells. Reduced PSEN1 endoproteolysis.","Koriath et al., 2020"
159,PSEN1,Petit et al.,R35Q,AD : Benign,Substitution,Substitution | Missense,Coding,Exon 4,Unknown.,AÎ² profile very similar to wildtype PSEN1 in cell-based assays.,"Rogaeva et al., 2001"
160,PSEN1,Petit et al.,E318G,AD : Benign,Substitution,Substitution | Missense,Coding,Exon 9,"Mixed results. Some carriers have AD neuropatholgy, but some do not.","Most data indicate no effect on AÎ²42/AÎ²40, AÎ² (37 + 38 + 40) / (42 + 43), and AÎ²37/AÎ²42 ratios.","Sandbrink et al., 1996; 
 Cruts et al., 1998; 
 Aldudo et al., 1998"
161,PSEN1,Pillai et al.,R35Q,AD : Benign,Substitution,Substitution | Missense,Coding,Exon 4,Unknown.,AÎ² profile very similar to wildtype PSEN1 in cell-based assays.,"Rogaeva et al., 2001"
162,PSEN1,Pillai et al.,E69D,AD : Uncertain Significance,Substitution,Substitution | Missense,Coding,Exon 4,Unknown.,"No changes in either AÎ²42/AÎ²40 or AÎ²37/AÎ²40 ratios in 2 cell assays; in one assay both AÎ²42 and AÎ²40 were increased, in the other both were decreased.","Nicolas et al., 2015"
163,PSEN1,Pillai et al.,A79V,AD : Likely Pathogenic,Substitution,Substitution | Missense,Coding,Exon 4,Neuropathology consistent with AD.,"Increased the AÎ²42/AÎ²40 ratio, and decreased the AÎ² (37 + 38 + 40) / (42 + 43) and AÎ²37/AÎ²42 ratios in cells. Also, altered transcriptomic profiles in carrier brains and iPSC-derived neurons.","Cruts et al., 1998"
164,PSEN1,Pillai et al.,M84V,AD : Pathogenic,Substitution,Substitution | Missense,Coding,Exon 4,Neuropathology consistent with AD in 2 cases. MRI showed cortical and cerebellar atrophy in 2 cases; frontal and temporal lobe atrophy in a third case.,Increased AÎ²42 and AÎ²42/AÎ²40 ratio in cells.,"Hooli et al., 2014"
165,PSEN1,Pillai et al.,V97M,AD : Not Classified,Substitution,Substitution | Missense,Coding,Exon 4,Unknown.,"Increased the AÎ²42/AÎ²40 ratio, but decreased production of both AÎ²40 and AÎ²42 in cells.","Liu et al., 2025; 
 Marsh et al., 2025"
166,PSEN1,Pillai et al.,T99A,AD : Likely Pathogenic,Substitution,Substitution | Missense,Coding,Exon 4,"Unknown, but MRI showed atrophy of the parietal and frontal lobes.","Three different assays yielded mixed results, but all suggested deleterious effects, including increased AÎ²42/AÎ²40 and decreased AÎ²37/AÎ²42 ratios.","Ikeda et al., 2013"
167,PSEN1,Pillai et al.,R108Q,AD : Uncertain Significance,Substitution,Substitution | Missense,Coding,Exon 4,Unknown.,"In cell assay, increased AÎ²42 and AÎ²40; in isolated protein assay, decreased AÎ²42 production and undetectable AÎ²40 production.","Dobricic et al., 2012"
168,PSEN1,Pillai et al.,F118V,AD : Not Classified,Substitution,Substitution | Missense,Coding,Exon 5,Unknown.,Increased the AÎ²42/AÎ²40 ratio due to reduced AÎ²40 production in cells.,"Liu et al., 2025; 
 Marsh et al., 2025"
169,PSEN1,Pillai et al.,E123K,AD : Uncertain Significance,Substitution,Substitution | Missense,Coding,Exon 5,"Unknown, but in 2 cases, MRI showed atrophy in the medial temporal lobes, and PET showed hypoperfusion in the temporal and parietal lobes.","In cells, effects on AICD, AÎ²38, AÎ²40, and AÎ²42 were minimal, but increased AÎ²43; in vitro, decreased AÎ²40 and AÎ²42 production, and elevated AÎ²42/AÎ²40 ratio.","Yasuda et al., 1999"
170,PSEN1,Pillai et al.,H131R,AD : Likely Pathogenic,Substitution,Substitution | Missense,Coding,Exon 5,"Unknown, but PiB-PET showed extensive cortical and striatal amyloid deposition in one patient. Also, FDG-PET showed hypometabolism in precuneus and bilateral temporo-parietal region and reduced blood flow in parietal and temporal lobes. In two patients, MRI showed parietal and temporal atrophy.","Increased AÎ²42/AÎ²40 ratio in vitro. Also, abrogated pH-sensitivity of AÎ² peptide generation in vitro. In silico algorithms predicted benign (Polyphen) and damaging (SIFT).","Ikeda et al., 2013"
171,PSEN1,Pillai et al.,M146V,"AD : Pathogenic, FTD : Not Classified",Substitution,Substitution | Missense,Coding,Exon 5,"Variable: Neuropathology consistent with AD in some cases, but also, in at least one case, mixed pathology including frequent AÎ² deposits, tangles, and Pick bodies.","Increased AÎ²42/AÎ²40 ratio; increased AÎ²42 and AÎ²43; lowered wild-type PSEN1 gene expression. Disrupted endosomes via accumulation of APP Î²-CTF. Disrupted calcium channels, triggered cascade resulting in altered axonal transport, damage/loss of neurites. Increased calcineurin activity, impaired trafficking of glutamate AMPA receptors. Disrupted mitochondrial function, altered trophic factor function, and cerebral blood flow.","Alzheimer's Disease Collaborative Group, 1995"
172,PSEN1,Pillai et al.,Y154C,AD : Pathogenic,Substitution,Substitution | Missense,Coding,Exon 5,Unknown,"Increased the AÎ²42/AÎ²40 ratio, but decreased production of both peptides in a cell-based assay.","Janssen et al., 2003"
173,PSEN1,Pillai et al.,H163P,AD : Pathogenic,Substitution,Substitution | Missense,Coding,Exon 5,Brain biopsy of the frontal cortex showed numerous senile plaques and neurofibrillary tangles compatible with a diagnosis of AD. No spongiform changes or abnormal prion proteins were detected.,Increased AÎ²42/AÎ²40 ratio; increased AÎ²42; decreased AÎ²40.,"Kim et al., 2012"
174,PSEN1,Pillai et al.,I168T,AD : Uncertain Significance,Substitution,Substitution | Missense,Coding,Exon 6,Neuropathology consistent with AD.,No significant effect on AÎ²40 or AÎ²42 secretion in cells; decreased AÎ²42 and abrogated AÎ²40 production in vitro.,"Sassi et al., 2014"
175,PSEN1,Pillai et al.,L174R,AD : Pathogenic,Substitution,Substitution | Missense,Coding,Exon 6,"Neuropathology consistent with AD in one case. Also, abundant Lewy bodies in amygdala and entorhinal cortex.",Increased AÎ²42/AÎ²40 and AÎ²43 levels; decreased AÎ²37/AÎ²42.,"KlÃ¼nemann et al., 2004"
176,PSEN1,Pillai et al.,F175S,AD : Likely Benign,Substitution,Substitution | Missense,Coding,Exon 6,Unknown,No effect on AÎ²42 or AÎ²40 production in cultured cells. Multiple in silico algorithms yielded conflicting results.,"Colacicco et al., 2002"
177,PSEN1,Pillai et al.,F176V,AD : Likely Pathogenic,Substitution,Substitution | Missense,Coding,Exon 6,"Atrophy of the hippocampus, parahippocampal cortex, and head of the caudate nucleus. AÎ² plaques, tau-immunopositive neurons, and neuropil threads throughout the cerebral cortex. Myelinated fiber loss in the hemispheric white matter. Also, amyloid angiopathy and parenchymal AÎ² deposition in the cerebellum.",Increased the AÎ²42/AÎ²40 ratio and decreased the AÎ² (37 + 38 + 40) / (42 + 43) ratio.,"Ghetti et al., 2014"
178,PSEN1,Pillai et al.,F176L,AD : Not Classified,Substitution,Substitution | Missense,Coding,Exon 6,"Neuropathology consistent with AD, notably abundant amyloid plaques and neurofibrillary tangles in the cortex. In fact, the neuropathology in this individual (Auguste D.) defined these structures as hallmarks of AD.","Variable results, but a comprehensive survey of AÎ² peptides in a cell-based assay suggests it is damaging as reflected by its reduction of the AÎ²37/AÎ²42 ratio.","MÃ¼ller et al., 2013"
179,PSEN1,Pillai et al.,V191A,AD : Likely Benign,Substitution,Substitution | Missense,Coding,Exon 7,Unknown,"Decreased AÎ²42 secretion in isolated cells, but decrease in AÎ²42/AÎ²40 did not reach statistical significance.","Guerreiro et al., 2010"
180,PSEN1,Pillai et al.,L219R,AD : Uncertain Significance,Substitution,Substitution | Missense,Coding,Exon 7,"Unknown, but brain imaging showed atrophy and reduced blood flow in temporal, parietal, and frontal lobes. Also, widespread microbleeds were found in brain, brainstem, and cerebellum. Levels of phospho-tau in CSF were elevated, while those of AÎ²42 were reduced.","Unknown, but multiple in silico algorithms predicted a damaging effect.","Ikeda et al., 2013"
181,PSEN1,Pillai et al.,Q223K,AD : Pathogenic,Substitution,Substitution | Missense,Coding,Exon 7,Unknown.,Increased AÎ²42 levels and the AÎ²42/AÎ²40 ratio in cells.,"Acosta-Uribe et al., 2022"
182,PSEN1,Pillai et al.,L232F,AD : Pathogenic,Substitution,Substitution | Missense,Coding,Exon 7,"Unknown, but in one carrier, CSF biomarkers consistent with AD.","Increased the AÎ²42/AÎ²40 ratio in cells, with a modest increase in AÎ²42 levels and a decrease in AÎ²40 levels.","KÃ¼Ã§Ã¼kali et al., 2023"
183,PSEN1,Pillai et al.,F237C,AD : Pathogenic,Substitution,Substitution | Missense,Coding,Exon 7,"Unknown, but PET/SPECT imaging showed parieto-temporo-frontal hypoperfusion.",Increased the AÎ²42/AÎ²40 ratio; decreased production of AÎ²40 without significantly changing AÎ²42 levels in a cell-based assay.,"LanoiselÃ©e et al., 2017"
184,PSEN1,Pillai et al.,F237L,AD : Pathogenic,Substitution,Substitution | Missense,Coding,Exon 7,"Unknown, but in one carrier CSF AD biomarkers were consistent with AD.","Decreased AÎ²37/AÎ²42 ratio; AÎ²42/AÎ²40 ratio similar to wildtype. Decreased levels of AÎ²43, AÎ²42, AÎ²40.","Janssen et al., 2003"
185,PSEN1,Pillai et al.,K239N,AD : Likely Pathogenic,Substitution,Substitution | Missense,Coding,Exon 7,"Unknown, but MRI in one case showed medial temporal lobe and frontal lobe atrophy.","In two cell assays, AÎ²42/AÎ²40 was increased. In two assays, AÎ²40 and AÎ²42 production were decreased, but AÎ²42 was increased in another. In one assay, cell survival pathways were preserved.","LladÃ³ et al., 2010"
186,PSEN1,Pillai et al.,P242H,AD : Not Classified,Substitution,Substitution | Missense,Coding,Exon 7,Unknown.,"Increased the AÎ²42/AÎ²40 ratio, but both AÎ²42 and AÎ²40 levels were decreased in cells.","Liu et al., 2025; 
 Marsh et al., 2025"
187,PSEN1,Pillai et al.,T245P,AD : Likely Pathogenic,Substitution,Substitution | Missense,Coding,Exon 7,"Unknown, but MRI showed diffuse brain atrophy in one patient, and no abnormalities in 2 others.",Increased the AÎ²42/AÎ²40 ratio and decreased the AÎ² (37 + 38 + 40) / (42 + 43) ratio.,"Edwards-Lee et al., 2006"
188,PSEN1,Pillai et al.,P267L,AD : Pathogenic,Substitution,Substitution | Missense,Coding,Exon 8,Unknown.,"Reduced AÎ² production, and did not affect the AÎ²42/AÎ²40 ratio, but reduced the AÎ²37/AÎ²42 ratio.","Kowalska et al., 2003"
189,PSEN1,Pillai et al.,R278T,AD : Pathogenic,Substitution,Substitution | Missense,Coding,Exon 8,Neuropathology consistent with AD was detected in one brain biopsy.,"Increased AÎ²42/AÎ²40 ratio and decreased AÎ² (37 + 38 + 40) / (42 + 43) and AÎ²37/AÎ²42 ratios in cells. Also, increased AÎ²43 levels 10-fold.","Kwok et al., 1997"
190,PSEN1,Pillai et al.,L286V,AD : Pathogenic,Substitution,Substitution | Missense,Coding,Exon 8,Neuropathology consistent with AD.,"Increased AÎ²42/AÎ² total ratio, unchanged AÎ²42/AÎ²40 ratio, and increased AÎ²43, AÎ²42, and AÎ²40 levels, with decreased non-amylodiogenic processing of APP in cells. In vitro, decreased Îµ-cleavage. Disrupts intracellular calcium dynamics and cellular redox status.","Sherrington et al., 1995"
191,PSEN1,Pillai et al.,Y288H,AD : Pathogenic,Substitution,Substitution | Missense,Coding,Exon 8,"Unknown, but increased levels of AÎ²42 and an elevated AÎ²42/AÎ²40 ratio in serum. Also, high incidence of cerebral microhemorrhages in multiple carriers.","Increased the AÎ²42/AÎ²40 ratio in cells, but AÎ²42 levels were unchanged; AÎ²40 levels were reduced.","Wicklund et al.,"
192,PSEN1,Pillai et al.,E318G,AD : Benign,Substitution,Substitution | Missense,Coding,Exon 9,"Mixed results. Some carriers have AD neuropatholgy, but some do not.","Most data indicate no effect on AÎ²42/AÎ²40, AÎ² (37 + 38 + 40) / (42 + 43), and AÎ²37/AÎ²42 ratios.","Sandbrink et al., 1996; 
 Cruts et al., 1998; 
 Aldudo et al., 1998"
193,PSEN1,Pillai et al.,D333G,"AD : Benign, Dilated Cardiomyopathy : Not Classified",Substitution,Substitution | Missense,Coding,Exon 10,Unknown,AÎ²42 production slightly reduced in vitro. Altered calcium signaling in fibroblasts.,"Li et al., 2006"
194,PSEN1,Pillai et al.,R352C,AD : Likely Benign,Substitution,Substitution | Missense,Coding,Exon 10,Unknown; imaging showed cerebral global atrophy.,AÎ²42/AÎ²40 ratio similar to wildtype as assessed in cellular and in vitro assays.,"Jiang et al., 2015"
195,PSEN1,Pillai et al.,T354I,AD : Uncertain Significance,Substitution,Substitution | Missense,Coding,Exon 10,"Unknown, but brain imaging showed generalized atrophy in one case and cortical parieto-temporal hypometabolism in another. CSF levels of AÎ²42, total tau, and phospho-tau were consistent with AD in the latter case.","Decreased AÎ²42 and AÎ²40 production, and decreased AÎ²42/AÎ²40 ratio in vitro. Decreased AÎ²42 in CSF of one case.","Rogaeva et al., 2001; 
 Lee et al., 2006"
196,PSEN1,Pillai et al.,R358Q,AD : Likely Benign,Substitution,Substitution | Missense,Coding,Exon 10,Unknown,"Decreased AÎ²40 and AÎ²42 production and increased AÎ²42/AÎ²40 ratio in vitro. in cells, increased AÎ²40 and AÎ²42 secretion, with no significant change in the AÎ²42/AÎ²40 ratio.","Rogaeva et al., 2001"
197,PSEN1,Pillai et al.,S365Y,AD : Uncertain Significance,Substitution,Substitution | Missense,Coding,Exon 10,Unknown.,"Unknown. In silico algorithms yielded conflicting results, with integrative CADD score (>20) suggesting damaging effects.","Rogaeva et al., 2001"
198,PSEN1,Pillai et al.,R377M,AD : Likely Pathogenic,Substitution,Substitution | Missense,Coding,Exon 11,Unknown,"Unknown, but in silico algorithm predicted it is deleterious (PHRED-scaled CADD = 32).","Janssen et al., 2003"
199,PSEN1,Pillai et al.,D385E,AD : Not Classified,Substitution,Substitution | Missense,Coding,Exon 11,Unknown.,"Increased the AÎ²42/AÎ²40 ratio, but both AÎ²42 and AÎ²40 levels were decreased in cells.","Liu et al., 2025; 
 Marsh et al., 2025"
200,PSEN1,Pillai et al.,F388Y,AD : Not Classified,Substitution,Substitution | Missense,Coding,Exon 11,Unknown.,"Increased the AÎ²42/AÎ²40 ratio, but both AÎ²42 and AÎ²40 levels were decreased in cells.","Liu et al., 2025; 
 Marsh et al., 2025"
201,PSEN1,Pillai et al.,S390N,AD : Likely Pathogenic,Substitution,Substitution | Missense,Coding,Exon 11,Unknown; MRI showed cerebral amyloid angiopathy.,Unknown.,"Nicolas et al., 2015"
202,PSEN1,Pillai et al.,A396T,AD : Likely Pathogenic,Substitution,Substitution | Missense,Coding,Exon 11,"Neuropathology was consistent with AD, plus widespread Î±-synuclein inclusions characteristic of Lewy body disease, in one case. MRI of another case showed atrophy of the frontal lobes.",Increased AÎ²40 and AÎ²42 production with AÎ²42/AÎ²40 ratio unchanged in cells; reduced AÎ²40 production and increased AÎ²42/AÎ²40 ratio in vitro.,"Lohmann et al., 2012"
203,PSEN1,Pillai et al.,V412I,FTD : Not Classified,Substitution,Substitution | Missense,Coding,Exon 11,"Unknown; in one case, 18FDG-PET showed hypometabolism in the parietal and frontal cortices, as well as in the putamen and caudate. In another case, SPECT showed widespread cortical hypoperfusion.",Severe decrease in AÎ²42 and undetectable AÎ²40 levels in in vitro assay using isolated proteins.,"Bernardi et al., 2009"
204,PSEN1,Pillai et al.,A434T,AD : Pathogenic,Substitution,Substitution | Missense,Coding,Exon 12,Unknown.,Unknown; predicted damaging in silico.,"Jiao et al., 2014"
205,PSEN1,Pillai et al.,P436A,AD : Not Classified,Substitution,Substitution | Missense,Coding,Exon 12,Unknown.,Increased the AÎ²42/AÎ²40 ratio due to reduced AÎ²40 production in cells.,"Liu et al., 2025; 
 Marsh et al., 2025"
206,PSEN1,Pillai et al.,I437V,AD : Likely Pathogenic,Substitution,Substitution | Missense,Coding,Exon 12,Unknown.,"Decreased AÎ²40 and AÎ²42 production, and increased AÎ²42/AÎ²40 ratio in vitro.","Nicolas et al., 2015"
207,PSEN1,Pillai et al.,S438C,AD : Not Classified,Substitution,Substitution | Missense,Coding,Exon 12,Unknown.,Increased the AÎ²42/AÎ²40 ratio due to reduced AÎ²40 production in cells.,"Liu et al., 2025; 
 Marsh et al., 2025"
208,PSEN1,Pillai et al.,I439V,AD : Uncertain Significance,Substitution,Substitution | Missense,Coding,Exon 12,Unknown.,"In vitro, moderately increased AÎ²40 and AÎ²42 production; AÎ²42/AÎ²40 ratio unchanged. In cells, increased AÎ²42 secretion; AÎ²42/AÎ²40 unchanged.","Rogaeva et al., 2001"
209,PSEN1,Pillai et al.,I439S,AD : Likely Pathogenic,Substitution,Substitution | Missense,Coding,Exon 12,"Unknown, but MRI showed diffuse cortical atrophy in one case.","Unknown, but PolyPhen analysis predicted the mutation is possibly damaging.","GÃ³mez-Tortosa et al., 2010"
210,PSEN2,Pillai et al.,G34S,AD : Benign,Substitution,Substitution | Missense,Coding,Exon 4,"Unknown, but in one case, brain MRI showed multiple ischemic foci of the bilateral frontal-parietal lobe and brain atrophy.",Unchanged AÎ²42/AÎ²40 ratio.,"Sleegers et al., 2004"
211,PSEN2,Pillai et al.,R62C,AD : Benign,Substitution,Substitution | Missense,Coding,Exon 5,Unknown.,"No effect on the AÎ²42/AÎ²40 ratio, nor on AÎ²40 and AÎ²42 levels in two cell-based assays.","Sleegers et al., 2004"
212,PSEN2,Pillai et al.,R62H,"AD : Benign, FTD : Not Classified",Substitution,Substitution | Missense,Coding,Exon 5,"Unknown. In two carriers, CSF biomarker levels were variable.","In two carriers, CSF AÎ² peptide levels were variable. In cells, unchanged AÎ²42/AÎ²40 ratio; unchanged AÎ²42; No change in proteolytic products PSEN2-CTF and PSEN2-NTF.","Cruts et al., 1998; 
 Gallo et al., 2010"
213,PSEN2,Pillai et al.,P69A,AD : Benign,Substitution,Substitution | Missense,Coding,Exon 5,Unknown.,"No effect on AÎ² production in cells, including no effect on these ratios: AÎ²42/AÎ²40, AÎ²37/AÎ²42, AÎ²(37 + 38 + 40)/(42+ 43), AÎ² (37+40+43)/(38+42), and AÎ²38/42 in cells.","Dobricic et al., 2012"
214,PSEN2,Pillai et al.,R71W,AD : Benign,Substitution,Substitution | Missense,Coding,Exon 5,"Neuropathology consistent with AD in at least one case. In two cases, imaging revealed white matter pathology, and in one case cortical hypometabolism and diffuse amyloid deposition.","No effect on AÎ² production in cells, including no effect on these ratios: AÎ²42/AÎ²40, AÎ²37/AÎ²42, AÎ²(37 + 38 + 40)/(42+ 43), AÎ² (37+40+43)/(38+42), and AÎ²38/42. Reduces the stability of PSEN2 protein and impairs Notch signaling.","Sleegers et al., 2004"
215,PSEN2,Pillai et al.,K82R,AD : Uncertain Significance,Substitution,Substitution | Missense,Coding,Exon 5,"Unknown; neuroimaging showed diffuse cortical atrophy, especially in the posterior region and mild hippocampal atrophy. FDG-PET showed widespread hypometabolism. PIB-PET showed amyloid deposition in the frontal lobe, lateral temporal lobe, parietal lobe, posterior cingulate cortex, precuneus, and striatum.","AÎ²42/AÎ²40 ratio, and AÎ²42 and AÎ²40 secretion similar to control in cellular assay.","Shi et al., 2015"
216,PSEN2,Pillai et al.,A85V,"AD : Benign, DLB : Not Classified",Substitution,Substitution | Missense,Coding,Exon 5,In one carrier: amyloid deposition; neurofibrillary changes; diffuse Lewy bodies in the neocortex.,Moderate decrease of the AÎ²37/AÎ²42 ratio and moderate mitochondrial effects in cells. No effect on AÎ²(37 + 38 + 40)/(42+ 43) ratio multiple other AÎ² ratios. Small or no effect on AÎ²42/AÎ²40.,"Piscopo et al., 2008"
217,PSEN2,Pillai et al.,P123L,AD : Likely Pathogenic,Substitution,Substitution | Missense,Coding,Exon 6,"Unknown; Neuroimaging showed diffuse cortical atrophy, predominantly in the right hemisphere. FDG-PET showed hypoperfusion in the right temporal and parietal regions.","Increased longer AÎ² peptide production: decreased AÎ²40/AÎ²42, AÎ²(37 + 38 + 40)/(42+ 43), AÎ² (37+40+43)/(38+42), AÎ²37/42, and AÎ²38/42 ratios.","Xia et al., 2015"
218,PSEN2,Pillai et al.,V139M,AD : Benign,Substitution,Substitution | Missense,Coding,Exon 6,"Unknown, but imaging showed bilateral hypoperfusion in the parietal-temporal lobes.","In transfected cells, AÎ²42 and AÎ²40 levels, as well as AÎ²42/AÎ²40 ratio, were not significantly different from control.","Bernardi et al., 2008"
219,PSEN2,Pillai et al.,N141I,AD : Pathogenic,Substitution,Splicing Alteration; Substitution | Deletion; Missense,Coding,Exon 6,"Extensive amyloid plaques; Extensive neurofibrillary tangles (typically a Braak score of V or VI); Î±-synuclein inclusions, especially in the amygdala; amyloid angiopathy; rare TDP-43 pathology; hippocampal sclerosis.","Increased longer AÎ² peptide production: decreased AÎ²40/AÎ²42, AÎ²(37 + 38 + 40)/(42+ 43), AÎ² (37+40+43)/(38+42), AÎ²37/42, and AÎ²38/42 ratios. Endolysosomal deficits, altered RNA splicing/stability, dysregulated electrophysiological properties, and disrupted mitochondrial and calcium dynamics in neurons. Altered glial, immune, and endothelial phenotypes.","Levy-Lahad et al., 1995; 
 Rogaev et al., 1995; 
 Morales et al., 2024"
220,PSEN2,Pillai et al.,R163H,AD : Benign,Substitution,Substitution | Missense,Coding,Exon 6,Not applicable.,"Unknown, but in silico analysis predicted a damaging effect (PHRED-scaled CADD score > 20).","Puschmann et al., 2009"
221,PSEN2,Pillai et al.,M174V,AD : Benign,Substitution,Substitution | Missense,Coding,Exon 7,Unknown; imaging has shown frontal atrophy and hypoperfusion in temporoparietal regions.,Decreased AÎ²40 modestly without significantly changing the AÎ²42/AÎ²40 ratio in a cell assay.,"Andreoli et al., 2008; 
 ClarimÃ³n et al., 2008; 
 Guerreiro et al., 2010"
222,PSEN2,Pillai et al.,I235F,AD : Likely Pathogenic,Substitution,Substitution | Missense,Coding,Exon 8,Unknown.,"Increased longer AÎ² peptide production: decreased AÎ²40/AÎ²42, AÎ²(37 + 38 + 40)/(42+ 43), AÎ² (37+40+43)/(38+42), AÎ²37/42, and AÎ²38/42 ratios in transfected cells.","Lee et al., 2014"
223,PSEN2,Pillai et al.,L238F,AD : Uncertain Significance,Substitution,Substitution | Missense,Coding,Exon 8,Unknown.,"Increased longer AÎ² peptide production: decreased AÎ²40/AÎ²42, AÎ²(37 + 38 + 40)/(42+ 43), AÎ² (37+40+43)/(38+42), AÎ²37/42, and AÎ²38/42 ratios in cellular assays.","Sala Frigerio et al., 2015"
224,PSEN2,Pillai et al.,A252T,AD : Benign,Substitution,Substitution | Missense,Coding,Exon 8,Not applicable.,"Decreased AÎ²42 and AÎ²40 in cells, without altering AÎ²42/AÎ²40 ratio.","Guerreiro et al., 2010"
225,PSEN2,Pillai et al.,A258V,AD : Uncertain Significance,Substitution,Substitution | Missense,Coding,Exon 8,Unknown,Reduced AÎ²40 and AÎ²42 in a cellular assay without affecting the AÎ²42/AÎ²40 ratio.,"Yagi et al., 2014"
226,PSEN2,Pillai et al.,R284G,AD : Likely Pathogenic,Substitution,Substitution | Missense,Coding,Exon 9,"Unknown, but MRI in one carrier showed moderate, diffuse brain atrophy.","Increased longer AÎ² peptide production in cells: decreased AÎ²40/AÎ²42, AÎ²(37 + 38 + 40)/(42+ 43), AÎ² (37+40+43)/(38+42), AÎ²37/42, and AÎ²38/42 ratios.","LanoiselÃ©e et al., 2017"
227,PSEN2,Pillai et al.,P334A,AD : Benign,Substitution,Substitution | Missense,Coding,Exon 11,Unknown.,"Little or no effect on AÎ² production in cells, including these ratios: AÎ²42/AÎ²40, AÎ²37/AÎ²42, AÎ²(37 + 38 + 40)/(42+ 43), AÎ² (37+40+43)/(38+42), and AÎ²38/42.","Lee et al., 2014"
228,PSEN2,Pillai et al.,P348L,AD : Uncertain Significance,Substitution,Substitution | Missense,Coding,Exon 11,Unknown.,"Modest effects on AÎ² productionâ€”at least in one study, within the range of benign variants.","Blauwendraat et al., 2016"
229,PSEN2,Pillai et al.,V393M,AD : Benign,Substitution,Substitution | Missense,Coding,Exon 12,Unknown; bilateral hypometabolism in the parieto-occipital regions.,"Unchanged AÎ²42/AÎ²40 ratio in cells. In one assay, reduced secretion of AÎ²40 and AÎ²42, in another, AÎ²42 secretion was unchanged.","Lindquist et al., 2008"
230,PSEN2,Pillai et al.,T421M,AD : Likely Benign,Substitution,Substitution | Missense,Coding,Exon 13,Unknown,"Moderate decrease of the AÎ²37/AÎ²42 ratio in cells. No effect on AÎ²42/AÎ²40 and AÎ²(37 + 38 + 40)/(42+ 43) ratios, as well as on AÎ²(37 + 38 + 40)/(42+ 43), AÎ² (37+40+43)/(38+42), and AÎ²38/42 ratios.","Yagi et al., 2014"
231,PSEN2,Pillai et al.,D439A,AD : Likely Benign,Substitution,Substitution | Missense,Coding,Exon 13,Unknown; imaging showed moderate cortical atrophy in the frontal and parietal regions.,"Little or no effect on APP processing, but one study indicates mitochondrial effects.","LleÃ³ et al., 2001"
232,PSEN2,Pillai et al.,T18M,"AD : Benign, PD : Not Classified",Substitution,Substitution | Missense,Coding,Exon 4,Unknown.,Unknown; predicted pathogenic in silico (CADD>20).,"Blauwendraat et al., 2016"
233,PSEN2,Pillai et al.,R29H,AD : Benign,Substitution,Substitution | Missense,Coding,Exon 4,Not applicable.,AÎ²42/AÎ²40 and AÎ²37/AÎ²42 ratios similar to controls.,"Guerreiro et al., 2010"
234,PSEN2,Pillai et al.,V101M,AD : Uncertain Significance,Substitution,Substitution | Missense,Coding,Exon 5,Unknown.,Little or no effect on AÎ²42/AÎ²40 ratio and AÎ²37/AÎ²42 ratios in cells.,"Sala Frigerio et al., 2015"
235,PSEN2,Pillai et al.,I120S,AD : Likely Pathogenic,Substitution,Substitution | Missense,Coding,Exon 6,"Unknown, but brain imaging showed amyloid deposition in one carrier, and hypoperfusion and atrophy in the cortices of two other carriers.",Increased AÎ²42 levels moderately without a significant change in the AÎ²42/AÎ²40 ratio.,"Leochico et al., 2025"
236,PSEN2,Pillai et al.,S130L,AD : Benign,Substitution,Substitution | Missense,Coding,Exon 6,"Neuropathology consistent with AD at autopsy in at least one case. Reduced CSF AÎ²43/AÎ²40 and AÎ²42/AÎ²40 ratios in another case, with slightly elevated tau and normal phospho-tau CSF levels. In a carrier with PCA, diffuse mild cortical atrophy, more prominent in the right temporo-parieto-occipital region. In a carrier with schizophrenia, hippocampal atrophy.","No effect on AÎ² production in cells, including no effect on these ratios: AÎ²42/AÎ²40, AÎ²37/AÎ²42, AÎ²(37 + 38 + 40)/(42+ 43), AÎ² (37+40+43)/(38+42), and AÎ²38/42. Altered calcium levels in cells.","Sorbi et al., 2002; 
 Tedde et al., 2003"
237,PSEN2,Pillai et al.,N141Y,AD : Pathogenic,Substitution,Substitution | Missense,Coding,Exon 6,Proband had autopsy-confirmed AD with severe brain atrophy and numerous plaques and neurofibrillary tangles.,"Increased longer AÎ² peptide production: decreased AÎ²40/AÎ²42, AÎ²(37 + 38 + 40)/(42+ 43), AÎ² (37+40+43)/(38+42), AÎ²37/42, and AÎ²38/42 ratios.","Niu et al., 2014"
238,PSEN2,Pillai et al.,S175C,AD : Likely Pathogenic,Substitution,Substitution | Missense,Coding,Exon 7,Unknown; MRI showed focal atrophy in the medial temporal lobe; SPECT showed bilateral hypoperfusion in temporoparietal regions.,"Increased longer AÎ² peptide production: decreased AÎ²40/AÎ²42, AÎ²(37 + 38 + 40)/(42+ 43), AÎ² (37+40+43)/(38+42), and AÎ²37/42 ratios.","Piscopo et al., 2010"
239,PSEN2,Pillai et al.,V214L,AD : Benign,Substitution,Substitution | Missense,Coding,Exon 8,"Unknown; neuroimaging showed diffuse cortical atrophy and widespread hypometabolism. In one case, PET showed widespread amyloid deposits, and in another, CSF biomarkers (AÎ²42 and p-tau) were consistent with AD.","No effect on AÎ² production in cells, including no effect on these ratios: AÎ²42/AÎ²40, AÎ²37/AÎ²42, AÎ²(37 + 38 + 40)/(42+ 43), AÎ² (37+40+43)/(38+42), and AÎ²38/42.","Youn et al., 2014"
240,PSEN2,Pillai et al.,T301M,AD : Benign,Substitution,Substitution | Missense,Coding,Exon 10,Unknown.,Unchanged AÎ²42/AÎ²40 ratio.,"Croes et al., 2004"
241,PSEN2,Pillai et al.,P334R,AD : Benign,Substitution,Substitution | Missense,Coding,Exon 11,Not applicable.,"Unknown, but predicted not damaging in silico (PHRED-scaled CADD score = 16.3).","LleÃ³ et al., 2002"
242,APP,Pillai et al.,A201V,"AD : Benign, PDD : Not Classified",Substitution,Substitution | Missense,Coding,Exon 5,Not applicable.,"In cells, no effect on AÎ²42, AÎ²40, and AÎ²42/AÎ²40.","Sassi et al., 2014"
243,APP,Pillai et al.,A235V,AD : Benign,Substitution,Substitution | Missense,Coding,Exon 6,Unknown.,Decreased aÎ²40 and AÎ²42 without changing AÎ²42/AÎ²40 ratio in cells.,"Nicolas et al., 2015"
244,APP,Pillai et al.,D243N,AD : Benign,Substitution,Substitution | Missense,Coding,Exon 6,Unknown.,No effect on AÎ²42 or AÎ²40 production in cells.,"Nicolas et al., 2015"
245,APP,Pillai et al.,E246K,AD : Likely Benign,Substitution,Substitution | Missense,Coding,Exon 6,Unknown.,"In cells, no significant effect on AÎ²40 or AÎ²42 production.","Sala Frigerio et al., 2015"
246,APP,Pillai et al.,R468H,AD : Benign,Substitution,Substitution | Missense,Coding,Exon 11,Not applicable.,"In cells, neither AÎ²40 nor AÎ²42 production significantly affected.","Schulte et al., 2015"
247,APP,Pillai et al.,A479S,AD : Benign,Substitution,Substitution | Missense,Coding,Exon 11,Not applicable.,"In cells, no significant effect on AÎ²40 or AÎ²42 production.","Sala Frigerio et al., 2015"
248,APP,Pillai et al.,K496Q,AD : Uncertain Significance,Substitution,Substitution | Missense,Coding,Exon 12,One reported carrier of this variant had autopsy-confirmed AD.,"In cells, slight increase in AÎ²40, but AÎ²42/AÎ²40 ratio not significantly different from controls.","Sassi et al., 2014"
249,APP,Pillai et al.,A500T,AD : Benign,Substitution,Substitution | Missense,Coding,Exon 12,Not applicable.,"In cells, AÎ²40 and AÎ²42 production was similar to wildtype APP.","Schulte et al., 2015"
250,APP,Pillai et al.,Y538H,AD : Benign,Substitution,Substitution | Missense,Coding,Exon 13,"Neuropathology consistent with AD, but not thought to be attributed to this variant.","Decreased AÎ²42 and AÎ²40 in cells, without altering AÎ²42/AÎ²40 ratio.","Sassi et al., 2014"
251,APP,Pillai et al.,V562I,AD : Benign,Substitution,Substitution | Missense,Coding,Exon 13,Not applicable.,"In cells, AÎ²40 secretion was slightly decreased with no change in AÎ²42 secretion. AÎ²42/AÎ²40 was not significantly different from controls.","Sassi et al., 2014"
252,APP,Pillai et al.,E599K,"AD : Benign, PD : Not Classified",Substitution,Substitution | Missense,Coding,Exon 14,Not applicable.,"In cells, reduced AÎ²40 secretion, but did not significantly alter AÎ²42 secretion nor the AÎ²42/AÎ²40 ratio.","Sassi et al., 2014"
253,APP,Pillai et al.,T600M,AD : Benign,Substitution,Substitution | Missense,Coding,Exon 14,Not applicable.,"In cells, secreted less AÎ²40, but AÎ²42 secretion and the AÎ²42/AÎ²40 ratio were not significantly altered.","Schulte et al., 2015"
254,APP,Pillai et al.,S614G,AD : Uncertain Significance,Substitution,Substitution | Missense,Coding,Exon 14,Unknown.,"Increased AÎ²42/AÎ²40 ratio, with a decrease in AÎ²40 and an increase in AÎ²42 secretion in a cellular assay.","Lee et al., 2014"
255,APP,Pillai et al.,P620A,AD : Likely Pathogenic,Substitution,Substitution | Missense,Coding,Exon 14,Unknown.,Increased AÎ²42 and the AÎ²42/AÎ²40 ratio in cells.,"Nicolas et al., 2015"
256,APP,Pillai et al.,P620L,AD : Uncertain Significance,Substitution,Substitution | Missense,Coding,Exon 14,One reported carrier of the variant had autopsy-confirmed AD.,"Increased AÎ²40 and AÎ²42 secretion in cells, without significantly altering the AÎ²42/AÎ²40 ratio in cells.","Sassi et al., 2014"
257,APP,Pillai et al.,E665D,AD : Uncertain Significance,Substitution,Substitution | Missense,Coding,Exon 16,"Neuropathology consistent with AD in one carrier. In another, CSF biomarkers consistent with AD, and amyloid accumulation revealed by PET. Also, MRI evidence of CAA.","Increased total AÎ², AÎ·, Î²-CTF, and Î·-CTF in cells. APP shifted from cell surface to endosomes. Increased tau pathology in cell assays and in PS19 mice. In one cell assay, no significant change in AÎ²42 or AÎ²42/AÎ²40.","Peacock et al., 1994"
258,APP,Pillai et al.,A713T,AD : Uncertain Significance,Substitution,Substitution | Missense,Coding,Exon 17,Variable: Generalized atrophy of the cerebral cortex; Widespread neurofibrillary tangles; Neuritic plaques; Variable cerebral amyloid angiopathy.,"In vitro, increased long forms of AÎ² (AÎ²45 and AÎ²46); decreased short forms. Increased AÎ²42/AÎ²40 ratio due to decreased AÎ²40 secretion in cells. In vitro, promoted aggregation.","Carter et al., 1992; 
 Armstrong et al., 2004"
259,APP,Pillai et al.,A713V,AD : Benign,Substitution,Substitution | Missense,Coding,Exon 17,Not applicable.,Decreased AÎ²42 and AÎ²40 secretion in cells; no effect on AÎ²42/AÎ²40 ratio.,"Jones et al., 1992"
260,APP,Pillai et al.,T719N,AD : Pathogenic,Substitution,Substitution | Missense,Coding,Exon 17,Unknown.,"In a heterologous expression system, the T719N mutation led to increased levels of AÎ²42 and an elevated AÎ²42:AÎ²40 ratio, compared with wild-type APP.","Hsu et al., 2018"
261,APP,Pillai et al.,L723P,AD : Pathogenic,Substitution,Substitution | Missense,Coding,Exon 17,Unknown.,"Increased AÎ²48 levels, reduced AÎ²48 trimming. Decreased Îµ-cleavage; AÎ²49 production nearly abrogated.","Kwok et al., 2000"
262,APP,Pillai et al.,K724N,AD : Likely Pathogenic,Substitution,Substitution | Missense,Coding,Exon 17,Neuropathology consistent with AD in one carrier.,Increased AÎ²42/AÎ²40 ratio; increased AÎ²42; decreased AÎ²40 in cells.,"Theuns et al., 2006"
263,APP,Pillai et al.,H733P,AD : Not Classified,Substitution,Substitution | Missense,Coding,Exon 17,Not applicable.,"Increased AÎ²42 moderately, without significantly altering the AÎ²42/AÎ²40 ratio in cells.","Guerreiro et al., 2010"
264,APP,Pillai et al.,I716M,AD : Likely Pathogenic,Substitution,Substitution | Missense,Coding,Exon 17,Unknown; MRI showed mild bilateral hippocampal atrophy.,Unknown; predicted damaging in silico (PHRED-scaled CADD score > 20).,"Blauwendraat et al., 2016"
265,APP,Pillai et al.,L723R,AD : Pathogenic,Substitution,Substitution | Missense,Coding,Exon 17,Unknown.,Increased AÎ²42 and decreased AÎ²40 levels resulting in an increased AÎ²42/AÎ²40 ratio in cells.,"Liu et al., 2025; 
 Marsh et al., 2025"
,,,,,,,,,,,
,,,,,,,,,,,
,,,,,,,,,,,
,,,,,,,,,,,
,, ,,,,,,,,,